index,pmid,sid,text,len,interventions,interventions/Surgical,interventions/Surgical Fragment,interventions/Surgical_fragment_index,interventions/Physical,interventions/Physical Fragment,interventions/Physical_fragment_index,participants,participants/Condition,participants/Condition Fragment,participants/Condition_fragment_index,outcomes,outcomes/Physical,outcomes/Physical Fragment,outcomes/Physical_fragment_index,outcomes/Pain,outcomes/Pain Fragment,outcomes/Pain_fragment_index,outcomes/Adverse-effects,outcomes/Adverse-effects Fragment,outcomes/Adverse-effects_fragment_index,outcomes/Mental,outcomes/Mental Fragment,outcomes/Mental_fragment_index,outcomes/Other,outcomes/Other Fragment,outcomes/Other_fragment_index,participants/Age,participants/Age Fragment,participants/Age_fragment_index,interventions/Educational,interventions/Educational Fragment,interventions/Educational_fragment_index,interventions/Other,interventions/Other Fragment,interventions/Other_fragment_index,participants/Sample-size,participants/Sample-size Fragment,participants/Sample-size_fragment_index,interventions/Pharmacological,interventions/Pharmacological Fragment,interventions/Pharmacological_fragment_index,participants/Sex,participants/Sex Fragment,participants/Sex_fragment_index,interventions/Control,interventions/Control Fragment,interventions/Control_fragment_index,outcomes/Mortality,outcomes/Mortality Fragment,outcomes/Mortality_fragment_index,interventions/Psychological,interventions/Psychological Fragment,interventions/Psychological_fragment_index,Negative
360,19232615,1,"OBJECTIVES Evaluate the impact of an intensive insulin therapy and conventional glucose control protocol during staying in neurological intensive care unit ( NICU ) on infection rate , days in NICU , in-hospital mortality and long-term neurological outcome in severe traumatic brain injury ( TBI ) patients .",48,1.0,0.0,,,0.0,,,0.0,0.0,,,1.0,1.0,",; long-term neurological outcome","[183, 226]",0.0,,,1.0,infection rate,[168],0.0,,,1.0,days in NICU,[185],0.0,,,0.0,,,0.0,,,0.0,,,1.0,intensive insulin therapy; conventional glucose control protocol,"[37, 67]",0.0,,,0.0,,,1.0,in-hospital mortality,[200],0.0,,,0.0
475,16904970,9,Patients with a recurrence after open repair had more pain than those with a recurrence after laparoscopic repair ( P = .0001 ) .,24,0.0,0.0,,,0.0,,,0.0,0.0,,,1.0,0.0,,,1.0,pain,[54],0.0,,,0.0,,,0.0,,,0.0,,,0.0,,,0.0,,,0.0,,,0.0,,,0.0,,,0.0,,,0.0,,,0.0,,,0.0
603,17482439,5,The principal findings in our study show a strong correlation between PGC-1alpha and COX5B ( p < 0.001 ) and between PGC-1alpha and MT-CO2 ( p=0.017 ) expression .,29,0.0,0.0,,,0.0,,,0.0,0.0,,,1.0,1.0,PGC-1alpha and COX5B; PGC-1alpha and MT-CO2,"[70, 117]",0.0,,,0.0,,,0.0,,,0.0,,,0.0,,,0.0,,,0.0,,,0.0,,,0.0,,,0.0,,,0.0,,,0.0,,,0.0,,,0.0
763,8561059,1,We evaluated the effects of RRR-alpha-tocpheryl acetate ( alpha-tocopheryl acetate ) and hormone-replacement therapy ( HRT ) on the oxidative susceptibility of low-density lipoprotein ( LDL ) in postmenopausal women consuming a fish oil supplement .,36,1.0,0.0,,,0.0,,,1.0,1.0,postmenopausal,[195],0.0,0.0,,,0.0,,,0.0,,,0.0,,,0.0,,,0.0,,,0.0,,,0.0,,,0.0,,,1.0,RRR-alpha-tocpheryl acetate ( alpha-tocopheryl acetate ); hormone-replacement therapy ( HRT ); fish oil supplement,"[28, 89, 228]",1.0,women,[210],0.0,,,0.0,,,0.0,,,0.0
1264,20726255,5,"After 1 month of vaccination with 3 doses of the OPV ( HDC ) vaccine , the immune success rates of I , II , III type were 98.28 % , 99.45 % , and 95.71 % respectively , the GMTs of I , II , III type in susceptible children were 1:1243.72 , 1:234.38 and 1:273.10 respectively .",59,1.0,0.0,,,0.0,,,0.0,0.0,,,1.0,1.0,"immune success rates of I , II , III type; GMTs of I , II , III type","[75, 173]",0.0,,,0.0,,,0.0,,,0.0,,,0.0,,,0.0,,,0.0,,,0.0,,,1.0,OPV ( HDC ) vaccine,[49],0.0,,,0.0,,,0.0,,,0.0,,,0.0
1310,25719544,7,All resuscitators were trained in the use of both face masks .,12,0.0,0.0,,,0.0,,,0.0,0.0,,,0.0,0.0,,,0.0,,,0.0,,,0.0,,,0.0,,,0.0,,,0.0,,,0.0,,,0.0,,,0.0,,,0.0,,,0.0,,,0.0,,,0.0,,,1.0
1519,19926166,9,The incidence of NEC and the duration of hospital stay were comparable in both groups .,16,0.0,0.0,,,0.0,,,0.0,0.0,,,1.0,0.0,,,0.0,,,1.0,incidence of NEC,[4],0.0,,,1.0,the duration of hospital stay,[25],0.0,,,0.0,,,0.0,,,0.0,,,0.0,,,0.0,,,0.0,,,0.0,,,0.0,,,0.0
1559,2073645,2,Twelve male patients with stable effort angina and without previous myocardial infarction were studied .,15,0.0,0.0,,,0.0,,,1.0,1.0,stable effort angina; myocardial infarction,"[26, 68]",0.0,0.0,,,0.0,,,0.0,,,0.0,,,0.0,,,0.0,,,0.0,,,0.0,,,1.0,Twelve,[0],0.0,,,1.0,male,[7],0.0,,,0.0,,,0.0,,,0.0
2789,3885865,2,The above metoclopramide regimen significantly suppressed the frequency of vomiting on the day of CDDP administration .,17,1.0,0.0,,,0.0,,,0.0,0.0,,,1.0,1.0,suppressed the frequency of vomiting,[47],0.0,,,0.0,,,0.0,,,0.0,,,0.0,,,0.0,,,0.0,,,0.0,,,1.0,metoclopramide,[10],0.0,,,0.0,,,0.0,,,0.0,,,0.0
2975,20043831,5,METHODS/DESIGN CoAct is a randomised controlled trial with two arms : a control group and intervention group with daily activity monitoring and distance counselling .,25,1.0,0.0,,,0.0,,,0.0,0.0,,,0.0,0.0,,,0.0,,,0.0,,,0.0,,,0.0,,,0.0,,,1.0,daily activity monitoring and distance counselling .,[114],0.0,,,0.0,,,0.0,,,0.0,,,1.0,control,[72],0.0,,,0.0,,,0.0
2978,20043831,8,"The primary outcomes of this study are change in physical activity measured in MET minutes per week , work productivity and sickness absence , and healthcare utilisation .",28,0.0,0.0,,,0.0,,,0.0,0.0,,,1.0,0.0,,,0.0,,,0.0,,,0.0,,,1.0,"change in physical activity measured in MET minutes per week , work productivity and sickness absence , and healthcare utilisation .",[39],0.0,,,0.0,,,0.0,,,0.0,,,0.0,,,0.0,,,0.0,,,0.0,,,0.0,,,0.0
3093,18556898,3,"The children were separated into two groups , each comprising 15 children between 7 and 11 years of age with autism , according to DSM-IV criteria .",27,0.0,0.0,,,0.0,,,1.0,1.0,autism,[109],0.0,0.0,,,0.0,,,0.0,,,0.0,,,0.0,,,1.0,children between 7 and 11 years,[65],0.0,,,0.0,,,1.0,15,[62],0.0,,,0.0,,,0.0,,,0.0,,,0.0,,,0.0
3509,21321333,6,RESULTS We investigated 26 patients with mild to moderate PD : 13 received iTBS and 13 sham stimulation .,19,1.0,0.0,,,1.0,iTBS; sham stimulation,"[75, 87]",1.0,1.0,PD,[58],0.0,0.0,,,0.0,,,0.0,,,0.0,,,0.0,,,0.0,,,0.0,,,0.0,,,1.0,26,[24],0.0,,,0.0,,,0.0,,,0.0,,,0.0,,,0.0
3543,20548043,12,CONCLUSIONS Our findings suggest that cognitive-behavioral therapy is more effective than standard medical care alone in reducing seizure frequency in PNES patients .,23,1.0,0.0,,,0.0,,,0.0,0.0,,,0.0,0.0,,,0.0,,,0.0,,,0.0,,,0.0,,,0.0,,,0.0,,,0.0,,,0.0,,,0.0,,,0.0,,,0.0,,,0.0,,,1.0,cognitive-behavioral therapy,[38],0.0
3569,555487,1,"To test the reliability and durability of positive treatment effects obtained in a type A intervention project for healthy managers , the analysis was extended to data available from a third treatment group ( a special behavior therapy group for participants eliminated from the main sample because of manifestations of clinical CHD ) and to measures obtained 6 months following the end of treatment .",65,1.0,0.0,,,0.0,,,0.0,0.0,,,1.0,0.0,,,0.0,,,0.0,,,0.0,,,1.0,reliability; durability of positive treatment effects,"[12, 28]",0.0,,,1.0,type A intervention project; a special behavior therapy group,"[83, 209]",0.0,,,0.0,,,0.0,,,0.0,,,0.0,,,0.0,,,0.0,,,0.0
3700,17312647,3,A detailed history was taken and proctoscopic examination was performed .,11,0.0,0.0,,,0.0,,,0.0,0.0,,,0.0,0.0,,,0.0,,,0.0,,,0.0,,,0.0,,,0.0,,,0.0,,,0.0,,,0.0,,,0.0,,,0.0,,,0.0,,,0.0,,,0.0,,,1.0
3741,25616941,1,BACKGROUND Ischemic preconditioning ( IPC ) and anesthetic preconditioning ( APC ) have been reported to attenuate ischemia-reperfusion ( IR ) injury after liver resection under continuous inflow occlusion .,30,1.0,1.0,Ischemic preconditioning ( IPC ); anesthetic preconditioning ( APC ),"[11, 48]",0.0,,,0.0,0.0,,,0.0,0.0,,,0.0,,,0.0,,,0.0,,,0.0,,,0.0,,,0.0,,,0.0,,,0.0,,,0.0,,,0.0,,,0.0,,,0.0,,,0.0,,,0.0
3877,12057986,4,"At the time of enrollment , patients were stratified according to diabetes status .",14,0.0,0.0,,,0.0,,,0.0,0.0,,,0.0,0.0,,,0.0,,,0.0,,,0.0,,,0.0,,,0.0,,,0.0,,,0.0,,,0.0,,,0.0,,,0.0,,,0.0,,,0.0,,,0.0,,,1.0
4229,4623522,2,It has been shown that phenytoin has no effect on the absorption of this folate polyglutamate .,17,1.0,0.0,,,0.0,,,0.0,0.0,,,1.0,1.0,folate polyglutamate,[73],0.0,,,0.0,,,0.0,,,0.0,,,0.0,,,0.0,,,0.0,,,0.0,,,1.0,phenytoin,[23],0.0,,,0.0,,,0.0,,,0.0,,,0.0
4339,12568856,5,INTERVENTION ( S ) Outpatient hysteroscopy was performed with CO ( 2 ) ( group A ) or normal saline ( group B ) and with endometrial biopsy when indicated .,31,1.0,1.0,endometrial biopsy,[121],0.0,,,0.0,0.0,,,0.0,0.0,,,0.0,,,0.0,,,0.0,,,0.0,,,0.0,,,0.0,,,0.0,,,0.0,,,1.0,CO ( 2 ) ( group A ); normal saline ( group B ),"[62, 86]",0.0,,,0.0,,,0.0,,,0.0,,,0.0
4399,22185349,1,"BACKGROUND Calm , compassionate clinicians comfort others .",8,0.0,0.0,,,0.0,,,0.0,0.0,,,0.0,0.0,,,0.0,,,0.0,,,0.0,,,0.0,,,0.0,,,0.0,,,0.0,,,0.0,,,0.0,,,0.0,,,0.0,,,0.0,,,0.0,,,1.0
4737,7528271,10,The cytotoxic dose-intensity of standard every-4-weeks ICE is 100 % .,11,0.0,0.0,,,0.0,,,0.0,0.0,,,1.0,1.0,cytotoxic dose-intensity,[4],0.0,,,0.0,,,0.0,,,0.0,,,0.0,,,0.0,,,0.0,,,0.0,,,0.0,,,0.0,,,0.0,,,0.0,,,0.0,,,0.0
5401,6871470,6,"Thus , the use of random SD platelet transfusions postponed alloimmunization .",12,1.0,0.0,,,1.0,random SD platelet transfusions,[18],0.0,0.0,,,0.0,0.0,,,0.0,,,0.0,,,0.0,,,0.0,,,0.0,,,0.0,,,0.0,,,0.0,,,0.0,,,0.0,,,0.0,,,0.0,,,0.0,,,0.0
5579,15824212,0,Simvastatin blunts endotoxin-induced tissue factor in vivo .,8,1.0,0.0,,,0.0,,,0.0,0.0,,,0.0,0.0,,,0.0,,,0.0,,,0.0,,,0.0,,,0.0,,,0.0,,,0.0,,,0.0,,,1.0,Simvastatin,[0],0.0,,,0.0,,,0.0,,,0.0,,,0.0
5616,21434781,13,We expect long-term implant survival to be better with the TM tibial component .,14,1.0,0.0,,,1.0,TM,[59],0.0,0.0,,,1.0,0.0,,,0.0,,,0.0,,,0.0,,,0.0,,,0.0,,,0.0,,,0.0,,,0.0,,,0.0,,,0.0,,,0.0,,,1.0,long-term implant survival,[10],0.0,,,0.0
5767,6206796,4,These results suggest that intrapleural instillation using a combination of anti-cancer agent and immunopotentiator is an effective treatment for malignant pleurisy .,22,1.0,0.0,,,0.0,,,0.0,0.0,,,0.0,0.0,,,0.0,,,0.0,,,0.0,,,0.0,,,0.0,,,0.0,,,0.0,,,0.0,,,1.0,anti-cancer agent and immunopotentiator,[76],0.0,,,0.0,,,0.0,,,0.0,,,0.0
5851,17046466,8,"FINDINGS After a median follow up of 6 years , there was no difference in event-free or overall survival between the two treatment groups .",25,0.0,0.0,,,0.0,,,0.0,0.0,,,1.0,0.0,,,0.0,,,0.0,,,0.0,,,0.0,,,0.0,,,0.0,,,0.0,,,0.0,,,0.0,,,0.0,,,0.0,,,1.0,event-free or overall survival,[74],0.0,,,0.0
5858,11205419,1,"RATIONALE ( +/- ) 3,4-Methylenedioxymethamphetamine ( MDMA or "" ecstasy "" ) has been shown to cause long term damage to serotonergic cerebral neurons in animals .",27,1.0,0.0,,,0.0,,,0.0,0.0,,,0.0,0.0,,,0.0,,,0.0,,,0.0,,,0.0,,,0.0,,,0.0,,,0.0,,,0.0,,,1.0,"3,4-Methylenedioxymethamphetamine ( MDMA or "" ecstasy "" )",[18],0.0,,,0.0,,,0.0,,,0.0,,,0.0
6077,9735531,1,A double-blind crossover design was used to assess the efficacy of wearing ambient lenses to reduce the behavioral symptoms of autism .,22,1.0,0.0,,,1.0,wearing ambient lenses,[67],0.0,0.0,,,0.0,0.0,,,0.0,,,0.0,,,0.0,,,0.0,,,0.0,,,0.0,,,0.0,,,0.0,,,0.0,,,0.0,,,0.0,,,0.0,,,0.0,,,0.0
6085,20796074,3,"The ewes were randomly allocated into four groups , viz. , GI ( n=7 ; control ) , GII ( n=7 ; thermal stress ) , GIII ( n=7 ; restricted feeding ) and GIV ( n=7 ; combined stress ) .",42,1.0,0.0,,,0.0,,,0.0,0.0,,,0.0,0.0,,,0.0,,,0.0,,,0.0,,,0.0,,,0.0,,,0.0,,,1.0,thermal stress ); restricted feeding ); combined stress ),"[94, 126, 163]",0.0,,,0.0,,,0.0,,,1.0,control ),[70],0.0,,,0.0,,,0.0
6219,22987106,10,There was only one death in JET group ( 1.8 % ) with no significant difference compared with the control group .,22,0.0,0.0,,,0.0,,,0.0,0.0,,,1.0,0.0,,,0.0,,,0.0,,,0.0,,,0.0,,,0.0,,,0.0,,,0.0,,,0.0,,,0.0,,,0.0,,,0.0,,,1.0,death,[19],0.0,,,0.0
6272,17657694,6,Group 1 received conventional working aids ( paper-based documents ) to support the task processing .,16,1.0,0.0,,,0.0,,,0.0,0.0,,,0.0,0.0,,,0.0,,,0.0,,,0.0,,,0.0,,,0.0,,,1.0,conventional working aids ( paper-based documents ) to support the task processing,[17],0.0,,,0.0,,,0.0,,,0.0,,,0.0,,,0.0,,,0.0,,,0.0
7169,20932687,4,METHODS AND MATERIALS Patients ( N = 207 ) with nonresectable rectal cancer were randomized to preoperative CRT or RT ( 2 Gy × 25 ± 5-fluorouracil/leucovorin ) .,29,1.0,1.0,preoperative CRT; RT,"[95, 115]",0.0,,,1.0,1.0,nonresectable rectal cancer,[48],0.0,0.0,,,0.0,,,0.0,,,0.0,,,0.0,,,0.0,,,0.0,,,0.0,,,1.0,207,[37],0.0,,,0.0,,,0.0,,,0.0,,,0.0,,,0.0
7441,15025886,7,"Patients completed self-rating scales on pain , global health , mood , quality of life , coping style , health locus of control , multidimensional well-being , spirituality , sense of coherence , positive states of mind , and social desirability .",42,1.0,0.0,,,0.0,,,0.0,0.0,,,1.0,1.0,global health,[48],1.0,self-rating scales on pain,[19],0.0,,,1.0,mood; coping style; health locus of control; multidimensional well-being; spirituality; sense of coherence; positive states of mind; social desirability,"[64, 89, 104, 130, 160, 175, 196, 226]",1.0,quality of life,[71],0.0,,,1.0,self-rating scales,[19],0.0,,,0.0,,,0.0,,,0.0,,,0.0,,,0.0,,,0.0,,,0.0
7607,17093162,3,"Consequently , folate nutritional status may influence arsenic methylation and toxicity .",12,0.0,0.0,,,0.0,,,0.0,0.0,,,1.0,1.0,arsenic methylation,[55],0.0,,,0.0,,,0.0,,,0.0,,,0.0,,,0.0,,,0.0,,,0.0,,,0.0,,,0.0,,,0.0,,,0.0,,,0.0,,,0.0
7778,2831788,4,No adverse effects on other routine laboratory values were observed .,11,0.0,0.0,,,0.0,,,0.0,0.0,,,1.0,0.0,,,0.0,,,1.0,adverse effects,[3],0.0,,,0.0,,,0.0,,,0.0,,,0.0,,,0.0,,,0.0,,,0.0,,,0.0,,,0.0,,,0.0,,,0.0
7962,15573541,4,The 48 participants performed a visually demanding air traffic control ( ATC ) task .,15,1.0,0.0,,,0.0,,,1.0,1.0,visually demanding air traffic control ( ATC ) task,[32],0.0,0.0,,,0.0,,,0.0,,,0.0,,,0.0,,,0.0,,,1.0,.,[84],1.0,visually demanding air traffic control ( ATC ) task,[32],1.0,48,[4],0.0,,,0.0,,,0.0,,,0.0,,,0.0,,,0.0
8228,24352377,14,CONCLUSIONS AND RELEVANCE These findings provide the first neurobiological evidence for oxytocin 's beneficial effects on sociocommunicational deficits of ASD and give us the initial account for neurobiological mechanisms underlying any beneficial effects of the neuropeptide .,37,0.0,0.0,,,0.0,,,0.0,0.0,,,0.0,0.0,,,0.0,,,0.0,,,0.0,,,0.0,,,0.0,,,0.0,,,0.0,,,0.0,,,0.0,,,0.0,,,0.0,,,0.0,,,0.0,,,1.0
8833,9400786,10,"The mortality rate in the MSL-109-treated group was 0.68/person-year , and in the placebo-treated group , 0.31/person-year ( P=.01 ) .",21,1.0,0.0,,,0.0,,,0.0,0.0,,,1.0,0.0,,,0.0,,,0.0,,,0.0,,,0.0,,,0.0,,,0.0,,,0.0,,,0.0,,,1.0,MSL-109-treated,[26],0.0,,,1.0,placebo-treated,[82],1.0,mortality rate,[4],0.0,,,0.0
9063,21038654,5,"After treatment , the Chinese medicine syndrome scores , urinary protein and urinary red-cell count reduced significantly in the treatment group ( P < 0.05 or P < 0.01 ) and showed significant difference as compared with those in the control group ( P < 0.05 or P < 0.01 ) ; while the endogenous creatinine clearance was changed insignificantly in both groups .",64,0.0,0.0,,,0.0,,,0.0,0.0,,,1.0,1.0,Chinese medicine syndrome scores; urinary protein; urinary red-cell count; endogenous creatinine clearance,"[22, 57, 77, 285]",0.0,,,0.0,,,0.0,,,0.0,,,0.0,,,0.0,,,0.0,,,0.0,,,0.0,,,0.0,,,0.0,,,0.0,,,0.0,,,0.0
9077,7616334,3,"PATIENTS Injection drug users ( IDUs ) seeking substance abuse treatment between the ages of 18 and 50 years who were addicted to opioids ( e.g. , heroin ) and not currently in drug treatment .",36,0.0,0.0,,,0.0,,,1.0,1.0,substance abuse,[47],0.0,0.0,,,0.0,,,0.0,,,0.0,,,0.0,,,1.0,18 and 50 years,[93],0.0,,,0.0,,,0.0,,,0.0,,,0.0,,,0.0,,,0.0,,,0.0,,,0.0
9215,8047747,4,"Specifically , such response variables provide some additional information on true endpoint occurrence times for study subjects having censored values for such times .",24,0.0,0.0,,,0.0,,,0.0,0.0,,,0.0,0.0,,,0.0,,,0.0,,,0.0,,,0.0,,,0.0,,,0.0,,,0.0,,,0.0,,,0.0,,,0.0,,,0.0,,,0.0,,,0.0,,,1.0
9377,12576957,5,PATIENTS A total of 67 patients were enrolled who met defined criteria for acute lung injury/acute respiratory distress syndrome .,20,0.0,0.0,,,0.0,,,0.0,0.0,,,0.0,0.0,,,0.0,,,0.0,,,0.0,,,0.0,,,0.0,,,0.0,,,0.0,,,0.0,,,0.0,,,0.0,,,0.0,,,0.0,,,0.0,,,1.0
9542,11374137,10,"According to these results , VATS should be the treatment of choice in SP patients .",16,1.0,1.0,VATS,[29],0.0,,,0.0,0.0,,,0.0,0.0,,,0.0,,,0.0,,,0.0,,,0.0,,,0.0,,,0.0,,,0.0,,,0.0,,,0.0,,,0.0,,,0.0,,,0.0,,,0.0,,,0.0
9854,10097996,4,"Taken together , the findings of Study 1 suggest that the TOM test is a valid measure .",18,1.0,0.0,,,0.0,,,0.0,0.0,,,1.0,0.0,,,0.0,,,0.0,,,0.0,,,1.0,TOM test,[58],0.0,,,0.0,,,1.0,TOM test,[58],0.0,,,0.0,,,0.0,,,0.0,,,0.0,,,0.0,,,0.0
9886,7037697,1,Anderson Hospital randomized trial of neutron and photon irradiation for locally advanced carcinoma of the uterine cervix .,18,1.0,0.0,,,1.0,neutron and photon irradiation,[38],1.0,1.0,advanced carcinoma; uterine cervix .,"[81, 107]",1.0,1.0,locally advanced carcinoma of the uterine cervix,[73],0.0,,,0.0,,,0.0,,,0.0,,,0.0,,,0.0,,,0.0,,,0.0,,,0.0,,,0.0,,,0.0,,,0.0,,,0.0,,,0.0
10325,23528101,0,"Randomized , controlled , parallel-group trial of routine prophylaxis vs. on-demand treatment with sucrose-formulated recombinant factor VIII in adults with severe hemophilia A ( SPINART ) .",27,1.0,0.0,,,0.0,,,1.0,1.0,severe hemophilia A ( SPINART ),[157],0.0,0.0,,,0.0,,,0.0,,,0.0,,,0.0,,,1.0,adults,[145],0.0,,,0.0,,,0.0,,,1.0,routine prophylaxis; on-demand treatment with sucrose-formulated recombinant factor VIII,"[50, 74]",0.0,,,0.0,,,0.0,,,0.0,,,0.0
10651,12426230,3,"Hydrocortisone infusion induced an increase of mean arterial pressure , systemic vascular resistance , and a decline of heart rate , cardiac index , and norepinephrine requirement .",28,1.0,0.0,,,0.0,,,0.0,0.0,,,1.0,1.0,"mean arterial pressure , systemic vascular resistance; heart rate; cardiac index","[47, 120, 133]",0.0,,,0.0,,,0.0,,,1.0,norepinephrine requirement,[153],0.0,,,0.0,,,0.0,,,0.0,,,1.0,Hydrocortisone,[0],0.0,,,0.0,,,0.0,,,0.0,,,0.0
10891,24074927,1,PURPOSE To evaluate the toxicity and clinical outcome in patients with locally advanced cervical cancer ( LACC ) treated with whole pelvic conventional radiation therapy ( WP-CRT ) versus intensity modulated radiation therapy ( WP-IMRT ) .,37,1.0,0.0,,,0.0,,,1.0,1.0,patients with locally advanced cervical cancer ( LACC ),[57],1.0,1.0,toxicity; clinical outcome,"[24, 37]",0.0,,,0.0,,,0.0,,,0.0,,,0.0,,,0.0,,,0.0,,,0.0,,,1.0,whole pelvic conventional radiation therapy; intensity modulated radiation therapy,"[126, 188]",0.0,,,0.0,,,0.0,,,0.0,,,0.0
10894,24074927,4,"The primary and secondary endpoints were acute gastrointestinal toxicity and disease-free survival , respectively .",15,0.0,0.0,,,0.0,,,0.0,0.0,,,1.0,0.0,,,0.0,,,1.0,acute gastrointestinal toxicity,[41],0.0,,,0.0,,,0.0,,,0.0,,,0.0,,,0.0,,,0.0,,,0.0,,,0.0,,,1.0,disease-free survival,[77],0.0,,,0.0
10957,17845737,3,"Failure to employ adequate placebos , proper blinding , objective measures , or screening of prior beliefs about aromatherapy means that many previous findings could have been influenced by expectancy biases .",32,1.0,0.0,,,0.0,,,0.0,0.0,,,0.0,0.0,,,0.0,,,0.0,,,0.0,,,0.0,,,0.0,,,0.0,,,0.0,,,0.0,,,0.0,,,0.0,,,1.0,placebos,[27],0.0,,,0.0,,,0.0
11106,15930233,8,RESULTS Infants in the liberal-transfusion group received more RBC transfusions ( 5.2 +/- 4.5 [ mean +/- SD ] vs 3.3 +/- 2.9 in the restrictive-transfusion group ) .,29,1.0,0.0,,,1.0,RBC transfusions,[63],0.0,0.0,,,1.0,1.0,RBC transfusions,[63],0.0,,,0.0,,,0.0,,,0.0,,,0.0,,,0.0,,,0.0,,,0.0,,,0.0,,,0.0,,,0.0,,,0.0,,,0.0,,,0.0
11826,9497116,6,"A comparison of 21 patients with a DSV and the patients with DP valves , evaluated by measuring the reduction of the Evans Index , revealed a distinctly higher percentage of significant regressions in the DP valve collective , without doubt due to chronic overdrainage .",46,1.0,0.0,,,1.0,DSV; DP valves; DP valve,"[35, 61, 205]",0.0,0.0,,,1.0,1.0,Evans Index,[117],0.0,,,0.0,,,0.0,,,0.0,,,0.0,,,0.0,,,0.0,,,0.0,,,0.0,,,0.0,,,0.0,,,0.0,,,0.0,,,0.0
11912,17983307,3,"However , in the made-in-Japan scenario condition , European Americans were less accurate than were Asian Americans .",18,1.0,0.0,,,0.0,,,0.0,0.0,,,0.0,0.0,,,0.0,,,0.0,,,0.0,,,0.0,,,0.0,,,0.0,,,1.0,made-in-Japan scenario,[17],0.0,,,0.0,,,0.0,,,0.0,,,0.0,,,0.0,,,0.0
12513,16555138,3,Data on autistic symptoms and urinary peptide levels were collected in the subjects ' homes over the 12 weeks that they were on the diet .,26,0.0,0.0,,,0.0,,,0.0,0.0,,,1.0,1.0,autistic symptoms; urinary peptide levels,"[8, 30]",0.0,,,0.0,,,0.0,,,0.0,,,0.0,,,0.0,,,0.0,,,0.0,,,0.0,,,0.0,,,0.0,,,0.0,,,0.0,,,0.0
12612,12614412,3,"METHODS From September 1996 to October 1998 , we randomly allocated 49 legs to compression sclerotherapy and 49 legs to ambulatory phlebectomy .",23,1.0,1.0,ambulatory phlebectomy,[120],1.0,compression sclerotherapy,[79],1.0,1.0,"September 1996 to October 1998 , we randomly allocated 49 legs to compression sclerotherapy and 49 legs to ambulatory phlebectomy .",[13],0.0,0.0,,,0.0,,,0.0,,,0.0,,,0.0,,,0.0,,,0.0,,,0.0,,,0.0,,,0.0,,,0.0,,,0.0,,,0.0,,,0.0,,,0.0
12658,19915222,2,"METHODS In this double-blind , placebo-controlled study , we randomly assigned 5362 patients who had not been treated with clopidogrel to receive either cangrelor or placebo at the time of PCI , followed by 600 mg of clopidogrel .",39,1.0,0.0,,,0.0,,,1.0,0.0,,,0.0,0.0,,,0.0,,,0.0,,,0.0,,,0.0,,,0.0,,,0.0,,,0.0,,,1.0,5362,[79],1.0,cangrelor; clopidogrel,"[153, 217]",0.0,,,1.0,placebo,[166],0.0,,,0.0,,,0.0
12894,11545671,5,Usual care patients ( n = 58 ) were treated by their primary care physician .,16,0.0,0.0,,,0.0,,,0.0,0.0,,,0.0,0.0,,,0.0,,,0.0,,,0.0,,,0.0,,,0.0,,,0.0,,,0.0,,,0.0,,,0.0,,,0.0,,,0.0,,,0.0,,,0.0,,,1.0
13670,25319807,0,Benefit of adjuvant interferon alfa-2b ( IFN-α ) therapy in melanoma patients with high serum MMP-8 levels .,18,0.0,0.0,,,0.0,,,1.0,1.0,in melanoma patients with high serum MMP-8 levels,[57],0.0,0.0,,,0.0,,,0.0,,,0.0,,,0.0,,,0.0,,,0.0,,,0.0,,,0.0,,,0.0,,,0.0,,,0.0,,,0.0,,,0.0,,,0.0
13782,11013775,0,[ Effectiveness of morphine by periarticular injections after shoulder arthroscopy ] .,12,1.0,0.0,,,0.0,,,0.0,0.0,,,0.0,0.0,,,0.0,,,0.0,,,0.0,,,0.0,,,0.0,,,0.0,,,0.0,,,0.0,,,1.0,morphine,[19],0.0,,,0.0,,,0.0,,,0.0,,,0.0
13801,11136837,9,All statistical tests were two-sided .,6,0.0,0.0,,,0.0,,,0.0,0.0,,,0.0,0.0,,,0.0,,,0.0,,,0.0,,,0.0,,,0.0,,,0.0,,,0.0,,,0.0,,,0.0,,,0.0,,,0.0,,,0.0,,,0.0,,,1.0
14217,1573044,4,"Compared with other drugs , lorazepam drug effects were greater and resulted in more prolonged impairment of a motor tracking task , standing steadiness , and memory .",28,1.0,0.0,,,0.0,,,0.0,0.0,,,1.0,1.0,"prolonged impairment; motor tracking task , standing steadiness , and; .","[85, 111, 166]",0.0,,,0.0,,,1.0,memory,[159],1.0,drug effects; greater,"[38, 56]",0.0,,,0.0,,,0.0,,,0.0,,,1.0,lorazepam,[28],0.0,,,0.0,,,0.0,,,0.0,,,0.0
14283,23334070,0,"Safety and pharmacology of a single intravenous dose of ponezumab in subjects with mild-to-moderate Alzheimer disease : a phase I , randomized , placebo-controlled , double-blind , dose-escalation study .",30,1.0,0.0,,,0.0,,,1.0,1.0,mild-to-moderate Alzheimer disease,[83],0.0,0.0,,,0.0,,,0.0,,,0.0,,,0.0,,,0.0,,,0.0,,,0.0,,,0.0,,,1.0,ponezumab,[56],0.0,,,1.0,placebo-controlled,[145],0.0,,,0.0,,,0.0
14948,22414705,0,Noradrenergic moderation of working memory impairments in adults with autism spectrum disorder .,13,0.0,0.0,,,0.0,,,1.0,1.0,autism spectrum disorder,[70],1.0,0.0,,,0.0,,,0.0,,,0.0,,,1.0,moderation,[14],1.0,adults,[58],0.0,,,0.0,,,0.0,,,0.0,,,0.0,,,0.0,,,0.0,,,0.0,,,0.0
15039,10235220,3,"METHODS Seventy-two consecutive anti-HBe-positive chronic hepatitis B patients ( 59 male and 13 female , median age 41 yr ) stratified by sex and histology were randomly allocated to three treatment arms .",33,0.0,0.0,,,0.0,,,1.0,0.0,,,0.0,0.0,,,0.0,,,0.0,,,0.0,,,0.0,,,1.0,41 yr,[116],0.0,,,0.0,,,1.0,Seventy-two; 59; 13,"[8, 81, 93]",0.0,,,1.0,male; female,"[84, 96]",0.0,,,0.0,,,0.0,,,0.0
15406,25296247,15,This type of hypertension is thought to be a transient phenomenon not solely related to sympathetic activation and catecholamine surge but also possibly encompassing other physiologic factors .,28,0.0,0.0,,,0.0,,,0.0,0.0,,,0.0,0.0,,,0.0,,,0.0,,,0.0,,,0.0,,,0.0,,,0.0,,,0.0,,,0.0,,,0.0,,,0.0,,,0.0,,,0.0,,,0.0,,,1.0
15513,21142736,1,"INTRODUCTION Laser therapy is clinically effective in hair removal ; however , despite the development of various strategies , laser procedures still present a risk of adverse effects due to the overheating of the skin .",36,1.0,0.0,,,1.0,Laser therapy,[13],0.0,0.0,,,0.0,0.0,,,0.0,,,0.0,,,0.0,,,0.0,,,0.0,,,0.0,,,0.0,,,0.0,,,0.0,,,0.0,,,0.0,,,0.0,,,0.0,,,0.0
15545,16275518,10,"A proposed method to derive systolic PAP should be used while screening the patients at risk for pulmonary hypertension , monitoring the disease progression and the effect of treatment .",30,0.0,0.0,,,0.0,,,0.0,0.0,,,0.0,0.0,,,0.0,,,0.0,,,0.0,,,0.0,,,0.0,,,0.0,,,0.0,,,0.0,,,0.0,,,0.0,,,0.0,,,0.0,,,0.0,,,1.0
15590,22045148,3,"OBJECTIVES To develop a predictive model and a simplified score for use on day 7 of hospitalization to assess whether a patient receiving mechanical ventilation is likely to require an additional 25 days of hospitalization ( ie , would qualify for transfer to a long-term care hospital ) .",49,1.0,0.0,,,1.0,mechanical ventilation,[138],0.0,0.0,,,0.0,0.0,,,0.0,,,0.0,,,0.0,,,0.0,,,0.0,,,1.0,predictive model,[24],0.0,,,0.0,,,0.0,,,0.0,,,0.0,,,0.0,,,0.0,,,0.0
15865,22608375,7,Data were analyzed in 2011 .,6,0.0,0.0,,,0.0,,,0.0,0.0,,,0.0,0.0,,,0.0,,,0.0,,,0.0,,,0.0,,,0.0,,,0.0,,,0.0,,,0.0,,,0.0,,,0.0,,,0.0,,,0.0,,,0.0,,,1.0
15923,16772581,1,"An experiment was conducted with 36 primiparous and 40 multiparous Holstein cows to examine the effects of feeding wet corn gluten feed ( WCGF ) on 305-d milk production , dry matter ( DM ) intake , body condition score ( BCS ) , and health .",47,1.0,0.0,,,0.0,,,1.0,0.0,,,1.0,1.0,"milk production , dry matter ( DM ) intake , body condition score ( BCS ) , and health .",[154],0.0,,,0.0,,,0.0,,,0.0,,,0.0,,,0.0,,,1.0,wet corn gluten feed ( WCGF ),[115],1.0,36 primiparous; 40 multiparous,"[33, 52]",0.0,,,0.0,,,0.0,,,0.0,,,0.0,,,0.0
16068,1634173,1,Effectiveness of a combination preparation with standardized blood leech extract ] .,12,1.0,0.0,,,0.0,,,0.0,0.0,,,0.0,0.0,,,0.0,,,0.0,,,0.0,,,0.0,,,0.0,,,0.0,,,0.0,,,0.0,,,1.0,combination preparation with standardized blood leech extract ],[19],0.0,,,0.0,,,0.0,,,0.0,,,0.0
16535,1376306,6,"There was no difference in survival , cause-specific survival , and pattern of relapse between both groups .",18,0.0,0.0,,,0.0,,,0.0,0.0,,,1.0,1.0,pattern of relapse,[68],0.0,,,0.0,,,0.0,,,0.0,,,0.0,,,0.0,,,0.0,,,0.0,,,0.0,,,0.0,,,0.0,,,1.0,survival; cause-specific survival,"[27, 38]",0.0,,,0.0
16539,1376306,10,"There were no treatment-related deaths and , in the experimental arm of the trial , no increased morbidity from locoregional treatment .",22,0.0,0.0,,,0.0,,,0.0,0.0,,,1.0,0.0,,,0.0,,,1.0,morbidity,[97],0.0,,,0.0,,,0.0,,,0.0,,,0.0,,,0.0,,,0.0,,,0.0,,,0.0,,,1.0,deaths,[32],0.0,,,0.0
16740,19017582,11,"We explored possible reasons for this finding , including limited engagement of participants and simplifying program content and architecture .",20,0.0,0.0,,,0.0,,,0.0,0.0,,,0.0,0.0,,,0.0,,,0.0,,,0.0,,,0.0,,,0.0,,,0.0,,,0.0,,,0.0,,,0.0,,,0.0,,,0.0,,,0.0,,,0.0,,,1.0
16924,16904524,3,All patients reported their average and worst pain levels at baseline and 2 and 3 weeks after the start of the intervention .,23,0.0,0.0,,,0.0,,,0.0,0.0,,,1.0,0.0,,,1.0,pain levels,[46],0.0,,,0.0,,,0.0,,,0.0,,,0.0,,,0.0,,,0.0,,,0.0,,,0.0,,,0.0,,,0.0,,,0.0,,,0.0
17129,20843746,14,Corifollitropin alfa treatment resulted in a similar growth rate of follicles though a slightly higher number of follicles were recruited compared with daily rFSH .,25,0.0,0.0,,,0.0,,,0.0,0.0,,,0.0,0.0,,,0.0,,,0.0,,,0.0,,,0.0,,,0.0,,,0.0,,,0.0,,,0.0,,,0.0,,,0.0,,,0.0,,,0.0,,,0.0,,,1.0
17216,10759619,0,Pharmacokinetic interaction between proton pump inhibitors and roxithromycin in volunteers .,11,1.0,0.0,,,0.0,,,1.0,1.0,volunteers,[80],0.0,0.0,,,0.0,,,0.0,,,0.0,,,0.0,,,0.0,,,0.0,,,0.0,,,0.0,,,1.0,proton pump inhibitors; roxithromycin,"[36, 63]",0.0,,,0.0,,,0.0,,,0.0,,,0.0
17826,15189800,5,Nurses and physician assistants ( PAs ) were presented a case study of a patient with symptoms of CFS .,20,1.0,0.0,,,0.0,,,0.0,0.0,,,0.0,0.0,,,0.0,,,0.0,,,0.0,,,0.0,,,0.0,,,0.0,,,0.0,,,0.0,,,0.0,,,0.0,,,0.0,,,0.0,,,1.0,case study of a patient with symptoms of CFS,[57],0.0
18101,15922817,15,"Also , there were no significant differences in the incidences of drug-related clinical and laboratory adverse events ; the most common were headache , flushing , facial edema , and paresthesia .",32,0.0,0.0,,,0.0,,,0.0,0.0,,,1.0,0.0,,,0.0,,,1.0,"headache , flushing , facial edema , and paresthesia .",[141],0.0,,,0.0,,,0.0,,,0.0,,,0.0,,,0.0,,,0.0,,,0.0,,,0.0,,,0.0,,,0.0,,,0.0
18136,12005275,9,The percentage of patients with pain relief ( reduction of predose pain intensity to mild or none ) at 2 hours was 66 % for rizatriptan versus 56 % for placebo ( P=.079 ) .,35,1.0,0.0,,,0.0,,,0.0,0.0,,,1.0,0.0,,,1.0,percentage of patients with pain relief; predose pain intensity,"[4, 59]",0.0,,,0.0,,,0.0,,,0.0,,,0.0,,,0.0,,,0.0,,,1.0,rizatriptan,[124],0.0,,,1.0,placebo,[152],0.0,,,0.0,,,0.0
18167,17959585,10,CONCLUSIONS Pretreatment with i.v . acetaminophen seems to be effective in attenuating pain during i.v . injection of propofol .,20,1.0,0.0,,,0.0,,,0.0,0.0,,,1.0,0.0,,,1.0,pain,[87],0.0,,,0.0,,,0.0,,,0.0,,,0.0,,,0.0,,,0.0,,,1.0,acetaminophen; propofol .,"[36, 118]",0.0,,,0.0,,,0.0,,,0.0,,,0.0
18454,22510874,0,Osteopontin is a prognostic factor for survival of acute myeloid leukemia patients .,13,1.0,0.0,,,0.0,,,1.0,1.0,acute myeloid leukemia patients .,[51],1.0,0.0,,,0.0,,,0.0,,,0.0,,,0.0,,,0.0,,,0.0,,,0.0,,,0.0,,,1.0,Osteopontin,[0],0.0,,,0.0,,,1.0,survival,[39],0.0,,,0.0
18723,25524655,2,"We aimed to determine the extent to which gender influenced functional outcome and response to exercise in older people after hip fracture , and to determine if any differences persisted after adjusting for cognition , weight and age .",39,1.0,0.0,,,1.0,exercise,[95],1.0,1.0,hip fracture,[126],1.0,0.0,,,0.0,,,0.0,,,1.0,functional outcome and response to exercise,[60],0.0,,,1.0,older,[107],0.0,,,0.0,,,0.0,,,0.0,,,0.0,,,0.0,,,0.0,,,0.0,,,0.0
18925,16119805,6,"The non-recurrence rates in the THP group and control group were 54.1 % versus 37.6 % at 1 year and 40.4 % versus 26.8 % at 2 years , respectively ( P = 0.086 ) .",36,0.0,0.0,,,0.0,,,0.0,0.0,,,1.0,0.0,,,0.0,,,0.0,,,0.0,,,1.0,non-recurrence rates,[4],0.0,,,0.0,,,0.0,,,0.0,,,0.0,,,0.0,,,0.0,,,0.0,,,0.0,,,0.0
19524,9652612,4,"The primary endpoints were hospital mortality and morbidity , length of hospital stay , and length of sick leave from work .",22,0.0,0.0,,,0.0,,,0.0,0.0,,,1.0,0.0,,,0.0,,,0.0,,,0.0,,,1.0,length of hospital stay; length of sick leave from work,"[62, 92]",0.0,,,0.0,,,0.0,,,0.0,,,0.0,,,0.0,,,0.0,,,1.0,hospital mortality; morbidity,"[27, 50]",0.0,,,0.0
19550,11074150,14,The results are discussed in relation to the cognitive effects of nicotine .,13,1.0,0.0,,,0.0,,,0.0,0.0,,,0.0,0.0,,,0.0,,,0.0,,,0.0,,,0.0,,,0.0,,,0.0,,,0.0,,,0.0,,,1.0,nicotine,[66],0.0,,,0.0,,,0.0,,,0.0,,,0.0
19595,22565413,8,"Patient satisfaction was assessed ( ZUF-8 ) , and complete-cases and intention-to-treat analyses were performed .",16,0.0,0.0,,,0.0,,,0.0,0.0,,,1.0,0.0,,,0.0,,,0.0,,,0.0,,,1.0,Patient satisfaction,[0],0.0,,,0.0,,,0.0,,,0.0,,,0.0,,,0.0,,,0.0,,,0.0,,,0.0,,,0.0
19726,18355797,12,CONCLUSION Treatment of diabetic patients with post amputation wounds using NPWT resulted in lower resource utilization and a greater proportion of patients obtaining wound healing at a lower overall cost of care when compared to MWT .,37,1.0,0.0,,,1.0,NPWT; MWT,"[76, 230]",1.0,1.0,diabetic; post amputation wounds,"[24, 47]",1.0,0.0,,,0.0,,,0.0,,,0.0,,,1.0,resource utilization; lower overall cost of care,"[99, 186]",0.0,,,0.0,,,0.0,,,0.0,,,0.0,,,0.0,,,0.0,,,0.0,,,0.0,,,0.0
19745,10382082,3,"A total of 84 evaluable women provided 274 cycles of exposure in the LNG/EE group , and 89 women provided 289 cycles of exposure in the NETA/EE group .",29,0.0,0.0,,,0.0,,,1.0,0.0,,,0.0,0.0,,,0.0,,,0.0,,,0.0,,,0.0,,,0.0,,,0.0,,,0.0,,,1.0,84 evaluable; 89 women,"[11, 88]",0.0,,,1.0,women,[24],0.0,,,0.0,,,0.0,,,0.0
20564,6927657,4,"Analysis of variance and post-hoc analyses suggest that subjects who first learned under the color-coded , extra prompt condition encountered significant difficulty in transferring their newly acquired skill to the naturalistic , non-color-coded condition , whereas subjects who learned initially without the extra prompts had little difficulty with the subsequent color-coded condition .",53,0.0,0.0,,,0.0,,,0.0,0.0,,,0.0,0.0,,,0.0,,,0.0,,,0.0,,,0.0,,,0.0,,,0.0,,,0.0,,,0.0,,,0.0,,,0.0,,,0.0,,,0.0,,,0.0,,,1.0
20667,25304364,11,The sample size of 90 will give 80 % power to detect a 2.5-point difference in within-group changes in the Alzheimer 's disease Assessment Scale-Cognition at 6 months for the cycling group .,33,0.0,0.0,,,0.0,,,1.0,0.0,,,1.0,0.0,,,0.0,,,0.0,,,1.0,Alzheimer 's disease Assessment Scale-Cognition,[107],0.0,,,0.0,,,0.0,,,0.0,,,1.0,90,[19],0.0,,,0.0,,,0.0,,,0.0,,,0.0,,,0.0
20822,7964960,0,"Randomized double-blind , placebo-controlled evaluation of oral ondansetron in the prevention of nausea and vomiting associated with fractionated total-body irradiation .",21,1.0,0.0,,,0.0,,,1.0,1.0,nausea; vomiting; fractionated total-body irradiation,"[97, 108, 133]",0.0,0.0,,,0.0,,,0.0,,,0.0,,,0.0,,,0.0,,,0.0,,,0.0,,,0.0,,,1.0,oral ondansetron,[59],0.0,,,1.0,placebo-controlled,[26],0.0,,,0.0,,,0.0
20956,3333530,3,During the intervention period the total fat intake was reduced from 39 % to 24 % of energy and the polyunsaturated/saturated ( P/S ) ratio increased from 0.2 to 0.4-1.2 .,31,1.0,0.0,,,0.0,,,0.0,0.0,,,1.0,1.0,total fat intake,[35],0.0,,,0.0,,,0.0,,,0.0,,,0.0,,,0.0,,,1.0,fat intake,[41],0.0,,,1.0,polyunsaturated/saturated ( P/S ) ratio,[100],0.0,,,0.0,,,0.0,,,0.0,,,0.0
21091,23046525,11,Two patients experienced VTE several days after discontinuing study drug .,11,0.0,0.0,,,0.0,,,0.0,0.0,,,1.0,0.0,,,0.0,,,1.0,VTE,[25],0.0,,,0.0,,,0.0,,,0.0,,,0.0,,,0.0,,,0.0,,,0.0,,,0.0,,,0.0,,,0.0,,,0.0
21120,19404150,9,"All measures of outcome were worse in patients who developed fever , even in those without infections or who were World Federation of Neurological Surgeons grade I. Logistic regression analyses were performed to adjust for differences in preoperative factors ( e.g. , age , Fisher grade , initial neurological status ) .",52,0.0,0.0,,,0.0,,,0.0,0.0,,,1.0,0.0,,,0.0,,,1.0,infections,[91],0.0,,,0.0,,,0.0,,,0.0,,,0.0,,,0.0,,,0.0,,,0.0,,,0.0,,,0.0,,,0.0,,,0.0
21152,20035541,0,Randomized clinical trial of radiofrequency ablation or conventional high ligation and stripping for great saphenous varicose veins .,18,1.0,1.0,conventional high ligation,[56],1.0,radiofrequency ablation,[29],1.0,1.0,great saphenous varicose veins,[101],0.0,0.0,,,0.0,,,0.0,,,0.0,,,0.0,,,0.0,,,0.0,,,0.0,,,0.0,,,0.0,,,0.0,,,0.0,,,0.0,,,0.0,,,0.0
21690,26121801,7,"RESULTS SVV was significantly lower in ORS group ( P = 0.03 ) , and CI showed no difference .",20,1.0,0.0,,,0.0,,,0.0,0.0,,,0.0,0.0,,,0.0,,,0.0,,,0.0,,,0.0,,,0.0,,,0.0,,,0.0,,,0.0,,,1.0,ORS,[39],0.0,,,0.0,,,0.0,,,0.0,,,0.0
21956,22092038,8,A gradual increase of AP-1 activation was found in non-progressive and progressive phases of atherosclerosis respectively ( P < 0.044 ) .,22,0.0,0.0,,,0.0,,,0.0,0.0,,,0.0,0.0,,,0.0,,,0.0,,,0.0,,,0.0,,,0.0,,,0.0,,,0.0,,,0.0,,,0.0,,,0.0,,,0.0,,,0.0,,,0.0,,,1.0
22001,10385063,0,Calcitriol for bone disease in patients with cirrhosis of the liver .,12,1.0,0.0,,,0.0,,,1.0,1.0,patients with cirrhosis of the liver .,[31],0.0,0.0,,,0.0,,,0.0,,,0.0,,,0.0,,,0.0,,,0.0,,,0.0,,,0.0,,,1.0,Calcitriol,[0],0.0,,,0.0,,,0.0,,,0.0,,,0.0
22606,1457622,4,"Descriptive data analysis including confirmatory statements found delta/theta activity enhanced , alpha and beta activity reduced , total power augmented , and the centroid slowed down over various brain regions in patients as compared with controls .",37,0.0,0.0,,,0.0,,,0.0,0.0,,,1.0,1.0,delta/theta activity; alpha and beta activity; total power; centroid,"[66, 98, 132, 164]",0.0,,,0.0,,,0.0,,,0.0,,,0.0,,,0.0,,,0.0,,,0.0,,,0.0,,,0.0,,,0.0,,,0.0,,,0.0,,,0.0
22806,15453848,9,"CONCLUSION A relatively small and central capsulorhexis allowing for the complete covering of the IOL optics by the rhexis edges seems to protect against PCO in cataract surgery , with both round-edged silicone IOLs and sharp-edged hydrophobic acrylic IOLs .",40,1.0,0.0,,,1.0,IOL optics; acrylic IOLs,"[98, 244]",0.0,0.0,,,1.0,1.0,PCO,[154],0.0,,,0.0,,,0.0,,,0.0,,,0.0,,,0.0,,,0.0,,,0.0,,,0.0,,,0.0,,,0.0,,,0.0,,,0.0,,,0.0
22831,20460711,2,"In HUVECs , acetate induced a biphasic increase in the phosphorylated form of eNOS .",15,0.0,0.0,,,0.0,,,0.0,0.0,,,0.0,0.0,,,0.0,,,0.0,,,0.0,,,0.0,,,0.0,,,0.0,,,0.0,,,0.0,,,0.0,,,0.0,,,0.0,,,0.0,,,0.0,,,1.0
23286,21206549,4,The use of stimulant therapy continued unchanged .,8,0.0,0.0,,,0.0,,,0.0,0.0,,,0.0,0.0,,,0.0,,,0.0,,,0.0,,,0.0,,,0.0,,,0.0,,,0.0,,,0.0,,,0.0,,,0.0,,,0.0,,,0.0,,,0.0,,,1.0
23312,19169102,6,INTERVENTION Thirty patients were treated with a simple shoulder sling and 30 patients with ESIN within 3 days after trauma .,21,1.0,1.0,ESIN,[92],1.0,simple shoulder sling,[49],0.0,0.0,,,0.0,0.0,,,0.0,,,0.0,,,0.0,,,0.0,,,0.0,,,0.0,,,0.0,,,0.0,,,0.0,,,0.0,,,0.0,,,0.0,,,0.0,,,0.0
23594,9532967,0,Interfering with the central executive by means of a random interval repetition task .,14,1.0,0.0,,,0.0,,,0.0,0.0,,,0.0,0.0,,,0.0,,,0.0,,,0.0,,,0.0,,,0.0,,,0.0,,,0.0,,,0.0,,,0.0,,,0.0,,,0.0,,,0.0,,,1.0,random interval repetition task,[53],0.0
23643,18957157,4,The results before and after irrigation were compared using the Wilcoxon t-test .,13,0.0,0.0,,,0.0,,,0.0,0.0,,,0.0,0.0,,,0.0,,,0.0,,,0.0,,,0.0,,,0.0,,,0.0,,,0.0,,,0.0,,,0.0,,,0.0,,,0.0,,,0.0,,,0.0,,,1.0
23668,17935144,2,METHOD Three hundred and fifty-three women within one year of diagnosis with primary breast cancer were randomly assigned to receive supportive-expressive group therapy or to an education control condition .,30,1.0,0.0,,,0.0,,,0.0,0.0,,,0.0,0.0,,,0.0,,,0.0,,,0.0,,,0.0,,,0.0,,,0.0,,,0.0,,,0.0,,,0.0,,,0.0,,,1.0,education control condition,[178],0.0,,,1.0,supportive-expressive group therapy,[133],0.0
23839,7036799,5,Onset and complete spread of sensory blockade were similar in all five groups .,14,0.0,0.0,,,0.0,,,0.0,0.0,,,1.0,1.0,sensory blockade,[29],0.0,,,0.0,,,1.0,Onset and complete spread of,[0],0.0,,,0.0,,,0.0,,,0.0,,,0.0,,,0.0,,,0.0,,,0.0,,,0.0,,,0.0,,,0.0
23973,14996144,4,"METHODS As part of a randomized , double-blind , placebo-controlled relapse-prevention study of fluoxetine monotherapy in BP II MDE , 37 patients received open-label fluoxetine 20 mg every day for up to 8 weeks .",35,1.0,0.0,,,1.0,fluoxetine monotherapy,[96],1.0,1.0,BP II,[122],0.0,0.0,,,0.0,,,0.0,,,0.0,,,0.0,,,0.0,,,0.0,,,0.0,,,1.0,37,[134],1.0,open-label fluoxetine 20 mg,[155],0.0,,,1.0,placebo-controlled,[49],0.0,,,1.0,every day for up to 8 weeks,[183],0.0
24705,14752429,5,The radial artery was used in all cases as a composite Y-graft .,13,1.0,1.0,composite Y-graft,[45],0.0,,,0.0,0.0,,,0.0,0.0,,,0.0,,,0.0,,,0.0,,,0.0,,,0.0,,,0.0,,,0.0,,,0.0,,,0.0,,,0.0,,,0.0,,,0.0,,,0.0,,,0.0
25343,16413892,6,RESULTS Forty-seven subjects were entered in the study .,9,0.0,0.0,,,0.0,,,1.0,1.0,Forty-seven subjects were entered in the study .,[8],0.0,0.0,,,0.0,,,0.0,,,0.0,,,0.0,,,0.0,,,0.0,,,0.0,,,0.0,,,0.0,,,0.0,,,0.0,,,0.0,,,0.0,,,0.0
25564,1622739,6,IS-IL-2 therapy induced a high incidence of eosinophilia ( 12/18 ) and thrombocythemia ( 12/18 ) .,17,0.0,0.0,,,0.0,,,0.0,0.0,,,1.0,1.0,( 12/18 ),[57],0.0,,,1.0,eosinophilia; thrombocythemia,"[44, 71]",0.0,,,0.0,,,0.0,,,0.0,,,0.0,,,0.0,,,0.0,,,0.0,,,0.0,,,0.0,,,0.0,,,0.0
25626,19644033,11,"Importantly , the decrease in Achilles tendon stiffness remained 30 min later , which may be an important etiological factor for muscle-tendon strain injury risk .",26,0.0,0.0,,,0.0,,,0.0,0.0,,,1.0,1.0,Achilles tendon stiffness,[30],0.0,,,0.0,,,0.0,,,0.0,,,0.0,,,0.0,,,0.0,,,0.0,,,0.0,,,0.0,,,0.0,,,0.0,,,0.0,,,0.0
25809,3556337,2,"Nifedipine 30 mg orally inhibited basal acid output by 37 % ( p less than 0.025 ) and that stimulated by low infusion rates of pentagastrin -- that is , 0.031 and 0.062 microgram/kg/h by 44 % ( p = 0.05 ) and 39 % ( p less than 0.02 ) respectively .",53,1.0,0.0,,,0.0,,,0.0,0.0,,,0.0,0.0,,,0.0,,,0.0,,,0.0,,,0.0,,,0.0,,,0.0,,,0.0,,,0.0,,,1.0,Nifedipine; pentagastrin,"[0, 127]",0.0,,,0.0,,,0.0,,,0.0,,,0.0
26026,22640463,8,"RESULTS Study and Control groups were equivalent in gender distribution , mean academic ability , pre-test performance and time studying leukaemia during the trial .",25,0.0,0.0,,,0.0,,,0.0,0.0,,,0.0,0.0,,,0.0,,,0.0,,,0.0,,,0.0,,,0.0,,,0.0,,,0.0,,,0.0,,,0.0,,,0.0,,,0.0,,,0.0,,,0.0,,,1.0
26095,11392343,0,"Double-blind , placebo-controlled study of amantadine hydrochloride in the treatment of children with autistic disorder .",16,1.0,0.0,,,0.0,,,1.0,1.0,autistic disorder,[102],0.0,0.0,,,0.0,,,0.0,,,0.0,,,0.0,,,0.0,,,0.0,,,0.0,,,0.0,,,1.0,amantadine hydrochloride,[43],0.0,,,1.0,placebo-controlled,[15],0.0,,,0.0,,,0.0
26233,10986219,2,L-Ornithine-L-aspartate ( LOLA ) has been shown to reduce ammonia and improve psychometric function in patients with hepatic encephalopathy .,20,1.0,0.0,,,0.0,,,0.0,0.0,,,1.0,1.0,ammonia,[58],0.0,,,0.0,,,1.0,psychometric function,[78],0.0,,,0.0,,,0.0,,,0.0,,,0.0,,,1.0,L-Ornithine-L-aspartate ( LOLA ),[0],0.0,,,0.0,,,0.0,,,0.0,,,0.0
26670,12616671,4,"In an open-label , three-way crossover study , 24 healthy men were randomly assigned to receive 0.5 mg of risperidone twice daily , 5 mg of donepezil once daily , or both drugs for 14 consecutive days , followed by a 21-day washout period .",45,1.0,0.0,,,0.0,,,1.0,1.0,healthy,[50],0.0,0.0,,,0.0,,,0.0,,,0.0,,,0.0,,,0.0,,,0.0,,,0.0,,,1.0,24,[47],1.0,risperidone; donepezil,"[106, 140]",0.0,,,0.0,,,0.0,,,0.0,,,0.0
26994,16684856,2,"Eight sedentary men ( 26 +/- 1 yr , 77.4 +/- 3.7 kg ) were studied in the postprandial state during 90 min of rest and 60 min of exercise twice before ( 45 % and 65 % V ( O2 peak ) ) and twice after 9 wk of endurance training ( 55 % and 65 % posttraining V ( O2 peak ) ) .",66,1.0,0.0,,,1.0,90 min of rest and 60 min of exercise twice; 9 wk of endurance training,"[100, 199]",1.0,0.0,,,0.0,0.0,,,0.0,,,0.0,,,0.0,,,0.0,,,1.0,"26 +/- 1 yr ,",[22],0.0,,,0.0,,,1.0,Eight,[0],0.0,,,1.0,men,[16],0.0,,,0.0,,,0.0,,,0.0
27000,16684856,8,"In conclusion , endurance training favorably affects blood lipoprotein profiles , even in young , healthy normolipidemic men , but muscle contractions per se have little effect on net leg LDL-C , or TG uptake or HDL-C release during moderate-intensity cycling exercise .",43,0.0,0.0,,,0.0,,,1.0,0.0,,,1.0,1.0,blood lipoprotein profiles; leg LDL-C; TG uptake; HDL-C release,"[53, 184, 199, 212]",0.0,,,0.0,,,0.0,,,0.0,,,1.0,young,[90],0.0,,,0.0,,,0.0,,,0.0,,,1.0,men,[121],0.0,,,0.0,,,0.0,,,0.0
27057,8888660,1,The effect of hydrochlorothiazide therapy on ventricular arrhythmias was studied in 45 hypertensive African-American men with moderate to severe left ventricular ( LV ) hypertrophy .,26,1.0,0.0,,,0.0,,,1.0,0.0,,,1.0,1.0,ventricular arrhythmias,[45],0.0,,,0.0,,,0.0,,,0.0,,,0.0,,,0.0,,,0.0,,,1.0,45 hypertensive African-American; with moderate to severe left ventricular ( LV ) hypertrophy,"[84, 121]",1.0,hydrochlorothiazide therapy,[14],1.0,men,[117],0.0,,,0.0,,,0.0,,,0.0
27192,6721970,6,"In patients with severe pre-eclampsia there appears no contraindication to enflurane or , probably , halothane as volatile supplements during general anaesthesia .",23,1.0,0.0,,,0.0,,,0.0,0.0,,,1.0,0.0,,,0.0,,,1.0,contraindication to enflurane,[55],0.0,,,0.0,,,0.0,,,0.0,,,0.0,,,0.0,,,1.0,enflurane; halothane; general anaesthesia,"[75, 101, 142]",0.0,,,0.0,,,0.0,,,0.0,,,0.0
27765,24147543,3,Efficacy was evaluated 1 month after each treatment .,9,0.0,0.0,,,0.0,,,0.0,0.0,,,1.0,0.0,,,0.0,,,0.0,,,0.0,,,1.0,Efficacy,[0],0.0,,,0.0,,,0.0,,,0.0,,,0.0,,,0.0,,,0.0,,,0.0,,,0.0,,,0.0
27881,18824288,11,The incidence of related adverse events was 5.2 % with ferumoxytol and 4.5 % with placebo .,17,1.0,0.0,,,0.0,,,0.0,0.0,,,1.0,0.0,,,0.0,,,1.0,incidence of related adverse events,[4],0.0,,,0.0,,,0.0,,,0.0,,,0.0,,,0.0,,,1.0,ferumoxytol,[55],0.0,,,1.0,placebo,[82],0.0,,,0.0,,,0.0
28046,24628747,11,CONCLUSIONS Both medications decreased NRS pain scores by approximately 50 % .,12,0.0,0.0,,,0.0,,,0.0,0.0,,,1.0,0.0,,,1.0,NRS pain scores,[39],0.0,,,0.0,,,0.0,,,0.0,,,0.0,,,0.0,,,0.0,,,0.0,,,0.0,,,0.0,,,0.0,,,0.0,,,0.0
28141,3318754,4,"After one year of psychological treatment , they were reassessed , using body weight , menstrual function , and ratings on the Morgan and Russell scales .",27,0.0,0.0,,,0.0,,,0.0,0.0,,,1.0,1.0,"body weight , menstrual function , and ratings on the Morgan and Russell scales .",[73],0.0,,,0.0,,,0.0,,,0.0,,,0.0,,,0.0,,,0.0,,,0.0,,,0.0,,,0.0,,,0.0,,,0.0,,,0.0,,,0.0
28225,25778837,6,"Contrary to previous research , there was no correlation between parental anxiety and youth anxiety at baseline or post-treatment .",20,0.0,0.0,,,0.0,,,0.0,0.0,,,1.0,0.0,,,0.0,,,0.0,,,1.0,parental anxiety and youth anxiety,[65],0.0,,,0.0,,,0.0,,,0.0,,,0.0,,,0.0,,,0.0,,,0.0,,,0.0,,,0.0,,,0.0
28614,15509083,6,"It may therefore be concluded that it is feasible to achieve significant use of conventional toothbrushes and toothpastes , with consequent major and sustained improvements in plaque control and gingival health in a disadvantaged population hitherto often considered as not amenable to conventional oral hygiene for cultural or economic reasons .",51,0.0,0.0,,,0.0,,,0.0,0.0,,,0.0,0.0,,,0.0,,,0.0,,,0.0,,,0.0,,,0.0,,,0.0,,,0.0,,,0.0,,,0.0,,,0.0,,,0.0,,,0.0,,,0.0,,,1.0
28739,7761011,0,[ Postoperative analgesia : peridural morphine versus sublingual buprenorphine .,10,1.0,0.0,,,0.0,,,0.0,0.0,,,0.0,0.0,,,0.0,,,0.0,,,0.0,,,0.0,,,0.0,,,0.0,,,0.0,,,0.0,,,1.0,peridural morphine; sublingual buprenorphine .,"[28, 54]",0.0,,,0.0,,,0.0,,,0.0,,,0.0
29121,9269786,1,"In each case of acute promyelocytic leukemia ( APL ) one of three PML-RAR alpha mRNA types is produced , depending on the break/fusion site in the PML gene that is linked to a common RAR alpha gene segment : a short ( S ) -form type , PML exon 3 RAR alpha exon 3 ; a long ( L ) -form type , PML exon 6 RAR alpha exon 3 ; or a variable ( V ) -form type , variably deleted PML exon 6 RAR alpha exon 3 .",91,0.0,0.0,,,0.0,,,1.0,1.0,acute promyelocytic leukemia ( APL ),[16],0.0,0.0,,,0.0,,,0.0,,,0.0,,,0.0,,,0.0,,,0.0,,,0.0,,,0.0,,,0.0,,,0.0,,,0.0,,,0.0,,,0.0,,,0.0
29661,9951491,0,"A randomized , double-masked , placebo-controlled parallel study of loteprednol etabonate 0.2 % in patients with seasonal allergic conjunctivitis .",20,1.0,0.0,,,0.0,,,1.0,1.0,seasonal allergic conjunctivitis,[113],0.0,0.0,,,0.0,,,0.0,,,0.0,,,0.0,,,0.0,,,0.0,,,0.0,,,0.0,,,1.0,loteprednol etabonate,[68],0.0,,,0.0,,,0.0,,,0.0,,,0.0
30045,9129469,7,"The most significant determinant of LA was time spent breast-feeding ( min/d ) , which was in turn negatively associated ( P = 0.06 ) with the infant 's energy intake from complementary foods in regression analyses .",38,1.0,0.0,,,0.0,,,0.0,0.0,,,1.0,1.0,infant 's energy intake,[143],0.0,,,0.0,,,1.0,time spent breast-feeding ( min/d ),[43],0.0,,,0.0,,,0.0,,,0.0,,,0.0,,,1.0,breast-feeding; complementary foods,"[54, 172]",0.0,,,0.0,,,0.0,,,0.0,,,0.0
31827,16238662,1,BACKGROUND The aim of the study was to evaluate the effectiveness of a brief CBT intervention for anxiety with children diagnosed with Asperger syndrome ( AS ) .,28,1.0,0.0,,,0.0,,,1.0,1.0,diagnosed with Asperger syndrome ( AS ) .,[120],0.0,0.0,,,0.0,,,0.0,,,0.0,,,0.0,,,1.0,children,[111],0.0,,,0.0,,,0.0,,,0.0,,,0.0,,,0.0,,,0.0,,,1.0,brief CBT intervention for anxiety,[71],0.0
31858,16948927,10,Risperidone improved global functioning and social responsiveness while reducing hyperactivity and aggression in children with autism and was well tolerated .,21,1.0,0.0,,,0.0,,,1.0,1.0,autism,[127],1.0,1.0,reducing; and,"[72, 95]",0.0,,,0.0,,,1.0,global functioning; social responsiveness; hyperactivity; aggression,"[21, 44, 81, 99]",0.0,,,1.0,children,[113],0.0,,,0.0,,,0.0,,,1.0,Risperidone,[0],0.0,,,0.0,,,0.0,,,0.0,,,0.0
31951,20237484,0,Effect of topical anesthesia and age on pain scores during retinopathy of prematurity screening .,15,1.0,0.0,,,0.0,,,0.0,0.0,,,1.0,0.0,,,1.0,pain scores,[40],0.0,,,0.0,,,0.0,,,0.0,,,0.0,,,0.0,,,0.0,,,1.0,topical anesthesia,[10],0.0,,,0.0,,,0.0,,,0.0,,,0.0
32752,12182253,2,"OBJECTIVE This study assessed the analgesic efficacy , speed of onset , and tolerability of ibuprofen arginate compared with a commercially available form of ibuprofen in patients with postoperative dental pain .",32,0.0,0.0,,,0.0,,,1.0,1.0,postoperative dental pain,[185],1.0,0.0,,,1.0,analgesic efficacy,[34],0.0,,,0.0,,,1.0,", speed of onset , and tolerability",[53],0.0,,,0.0,,,0.0,,,0.0,,,0.0,,,0.0,,,0.0,,,0.0,,,0.0,,,0.0
32925,2577555,1,The most important methods of regional chemotherapy are exemplified by 657 cases of primary and secondary liver only malignancies . I .,22,1.0,0.0,,,0.0,,,1.0,0.0,,,0.0,0.0,,,0.0,,,0.0,,,0.0,,,0.0,,,0.0,,,0.0,,,0.0,,,1.0,657,[71],1.0,regional chemotherapy,[30],0.0,,,0.0,,,0.0,,,0.0,,,0.0
33634,22006202,7,"The most common treatment-emergent adverse events occurring in > 10 % of patients in any tofacitinib group were diarrhea , upper respiratory tract infection , and headache ; 21 patients ( 4.1 % ) experienced serious adverse events .",39,0.0,0.0,,,0.0,,,0.0,0.0,,,0.0,0.0,,,0.0,,,0.0,,,0.0,,,0.0,,,0.0,,,0.0,,,0.0,,,0.0,,,0.0,,,0.0,,,0.0,,,0.0,,,0.0,,,1.0
33736,15830983,2,"In 2003 50 patients treated with one or two epidural injections have been selected "" ad random "" and 50 patients treated with disc coablation .",26,0.0,0.0,,,0.0,,,1.0,0.0,,,0.0,0.0,,,0.0,,,0.0,,,0.0,,,0.0,,,1.0,"In 2003 50 patients treated with one or two epidural injections have been selected "" ad random "" and 50 patients treated with disc coablation .",[0],0.0,,,0.0,,,0.0,,,0.0,,,0.0,,,0.0,,,0.0,,,0.0,,,0.0
33811,24732169,5,No participant withdrew because of adverse effects .,8,0.0,0.0,,,0.0,,,0.0,0.0,,,0.0,0.0,,,0.0,,,0.0,,,0.0,,,0.0,,,0.0,,,0.0,,,0.0,,,0.0,,,0.0,,,0.0,,,0.0,,,0.0,,,0.0,,,1.0
34160,20431081,4,"METHODS Methods included prospective , single-hub , 2-spoke , randomized , blinded , controlled trial of a 2-way , site-independent , audiovisual telemedicine system designed for remote examination of adult patients with acute stroke versus telephone consultation to assess eligibility for treatment with intravenous thrombolysis .",46,1.0,0.0,,,1.0,audiovisual telemedicine system designed for remote examination; telephone consultation to assess eligibility for treatment,"[134, 241]",1.0,1.0,acute stroke,[221],0.0,0.0,,,0.0,,,0.0,,,0.0,,,0.0,,,1.0,adult patients,[201],0.0,,,0.0,,,0.0,,,0.0,,,0.0,,,0.0,,,0.0,,,0.0,,,0.0
34212,22574591,8,"When compared with before treatment and with the control group , the levels of serum MMP-9 , TIMP-1 , and the ratio of MMP-9/TIMP-1 decreased more significantly in the treatment group after treatment ( P < 0.01 ) .",39,0.0,0.0,,,0.0,,,0.0,0.0,,,1.0,1.0,"serum MMP-9 , TIMP-1 , and the ratio of MMP-9/TIMP-1",[79],0.0,,,0.0,,,0.0,,,0.0,,,0.0,,,0.0,,,0.0,,,0.0,,,0.0,,,0.0,,,0.0,,,0.0,,,0.0,,,0.0
34394,24146455,1,Erectile dysfunction ( ED ) is one of the major health concerns affects the quality of life among Thai male .,21,0.0,0.0,,,0.0,,,1.0,0.0,,,0.0,0.0,,,0.0,,,0.0,,,0.0,,,0.0,,,0.0,,,0.0,,,0.0,,,0.0,,,0.0,,,1.0,male,[103],0.0,,,0.0,,,0.0,,,0.0
34577,8595286,1,"OBJECTIVE To compare the clinical and psychological effectiveness of the traditional British antenatal visit schedule ( traditional care ) with a reduced schedule of visits ( new style care ) for low risk women , together with maternal and professional satisfaction with care .",44,1.0,0.0,,,0.0,,,1.0,0.0,,,0.0,0.0,,,0.0,,,0.0,,,0.0,,,0.0,,,0.0,,,1.0,traditional British antenatal visit schedule,[73],0.0,,,0.0,,,0.0,,,1.0,women,[205],1.0,( traditional care ),[118],0.0,,,1.0,reduced schedule of visits ( new style care ),[146],0.0
34694,19910815,1,"The aim of this study was to examine the effects of 2 in-season short-term sprint and power training protocols on vertical countermovement jump height ( with or without arms ) , sprint ( Sprint-15m ) speed , and agility ( Agility-15m ) speed in male elite junior soccer players .",50,1.0,0.0,,,0.0,,,1.0,0.0,,,0.0,0.0,,,0.0,,,0.0,,,0.0,,,0.0,,,0.0,,,1.0,and,[82],1.0,short-term sprint; power training protocols,"[64, 86]",0.0,,,0.0,,,1.0,male,[245],0.0,,,0.0,,,0.0,,,0.0
34727,12199005,9,CONCLUSION The use of the MAS resulted in significant reductions in indices of OSAS and snoring .,17,1.0,0.0,,,1.0,MAS,[26],0.0,0.0,,,1.0,1.0,OSAS; snoring,"[79, 88]",0.0,,,0.0,,,0.0,,,0.0,,,0.0,,,0.0,,,0.0,,,0.0,,,0.0,,,0.0,,,0.0,,,0.0,,,0.0,,,0.0
34758,12538218,5,The upper lip bite test showed significantly higher specificity and accuracy than the modified Mallampati test ( P < 0.001 ) .,22,1.0,0.0,,,1.0,The upper lip bite test; modified Mallampati test,"[0, 86]",0.0,0.0,,,1.0,1.0,Mallampati test,[95],0.0,,,0.0,,,0.0,,,1.0,specificity; accuracy,"[52, 68]",0.0,,,0.0,,,0.0,,,0.0,,,0.0,,,0.0,,,0.0,,,0.0,,,0.0,,,0.0
34902,18982929,4,A 3-year prospective randomized controlled trial of 40 mg simvastatin per day compared to placebo in subjects at high risk of AMD progression is described .,26,1.0,0.0,,,0.0,,,1.0,1.0,AMD,[126],0.0,0.0,,,0.0,,,0.0,,,0.0,,,0.0,,,0.0,,,0.0,,,0.0,,,0.0,,,1.0,40 mg simvastatin per day,[52],0.0,,,1.0,placebo,[90],0.0,,,0.0,,,0.0
35029,3475309,7,The instructions were repeated every six months .,8,0.0,0.0,,,0.0,,,0.0,0.0,,,0.0,0.0,,,0.0,,,0.0,,,0.0,,,0.0,,,0.0,,,0.0,,,0.0,,,0.0,,,0.0,,,0.0,,,0.0,,,0.0,,,0.0,,,1.0
35505,24885187,8,RESULTS A HER2 score of 2111 by AQUA analysis has been shown to be equivalent to HER2 3+ by immunohistochemical staining in previous studies .,25,0.0,0.0,,,0.0,,,0.0,0.0,,,0.0,0.0,,,0.0,,,0.0,,,0.0,,,0.0,,,0.0,,,0.0,,,0.0,,,0.0,,,0.0,,,0.0,,,0.0,,,0.0,,,0.0,,,1.0
35626,2146389,1,Verres needle use for laparoscopic sterilization .,7,1.0,1.0,Verres needle use,[0],0.0,,,1.0,1.0,laparoscopic sterilization,[22],0.0,0.0,,,0.0,,,0.0,,,0.0,,,0.0,,,0.0,,,0.0,,,0.0,,,0.0,,,0.0,,,0.0,,,0.0,,,0.0,,,0.0,,,0.0
35740,17942872,4,A similar number of double-blinded Pap smears and colposcopies with biopsy were performed in randomly selected women in the control group .,22,1.0,0.0,,,1.0,and colposcopies with biopsy,[46],0.0,0.0,,,1.0,1.0,double-blinded Pap smears,[20],0.0,,,0.0,,,0.0,,,1.0,and colposcopies with biopsy,[46],0.0,,,0.0,,,1.0,Pap smears,[35],0.0,,,0.0,,,0.0,,,0.0,,,0.0,,,0.0,,,0.0
35973,25659440,4,METHODS TXA was administered as a bolus dose of 15 mg/kg 10 min before the inflation of the tourniquet on the first side .,24,1.0,0.0,,,0.0,,,0.0,0.0,,,0.0,0.0,,,0.0,,,0.0,,,0.0,,,0.0,,,0.0,,,0.0,,,0.0,,,0.0,,,1.0,TXA was administered as a bolus dose,[8],0.0,,,0.0,,,0.0,,,0.0,,,0.0
36036,22735897,2,"This pilot , randomized controlled trial evaluated the feasibility and preliminary outcomes of the Multimodal Anxiety and Social Skills Intervention ( MASSI ) program in a sample of 30 adolescents with ASD and anxiety symptoms of moderate or greater severity .",41,1.0,0.0,,,0.0,,,1.0,1.0,ASD and anxiety symptoms,[202],1.0,0.0,,,0.0,,,0.0,,,0.0,,,1.0,feasibility; preliminary outcomes,"[55, 71]",1.0,adolescents,[185],1.0,Multimodal Anxiety and,[99],0.0,,,1.0,30,[182],0.0,,,0.0,,,0.0,,,0.0,,,1.0,Social Skills Intervention ( MASSI ) program,[122],0.0
36402,24225126,10,Five patients complained of pain on the site of injection .,11,0.0,0.0,,,0.0,,,0.0,0.0,,,1.0,0.0,,,1.0,pain on the site of injection,[28],0.0,,,0.0,,,0.0,,,0.0,,,0.0,,,0.0,,,0.0,,,0.0,,,0.0,,,0.0,,,0.0,,,0.0,,,0.0
36420,21996146,6,All patients received a loading of prasugrel 60 mg .,10,1.0,0.0,,,0.0,,,0.0,0.0,,,0.0,0.0,,,0.0,,,0.0,,,0.0,,,0.0,,,0.0,,,0.0,,,0.0,,,0.0,,,1.0,prasugrel,[35],0.0,,,0.0,,,0.0,,,0.0,,,0.0
36748,1479049,8,Parent Conners Abbreviated Parent-Teacher Questionnaire ratings significantly improved during clonidine treatment .,12,1.0,0.0,,,0.0,,,0.0,0.0,,,1.0,0.0,,,0.0,,,0.0,,,1.0,Parent Conners Abbreviated Parent-Teacher Questionnaire ratings,[0],0.0,,,0.0,,,0.0,,,0.0,,,0.0,,,1.0,clonidine,[94],0.0,,,0.0,,,0.0,,,0.0,,,0.0
36786,12687510,4,RESULTS The questionnaire was returned by 174 patients ( 83 % ) .,13,0.0,0.0,,,0.0,,,1.0,0.0,,,0.0,0.0,,,0.0,,,0.0,,,0.0,,,0.0,,,0.0,,,0.0,,,0.0,,,1.0,174 patients ( 83 % ),[42],0.0,,,0.0,,,0.0,,,0.0,,,0.0,,,0.0
36979,27348905,10,"RESULTS The total effectiverate was 98 . 0 % ( 49/50 ) in the comprehensive group , better than 86 . 0 % ( 43/50 ) in the acupoint embeddinggroup and 78 . 0 % ( 11/50 ) in the forlax group ( both P < 0 . 01 ) .",51,0.0,0.0,,,0.0,,,0.0,0.0,,,1.0,0.0,,,0.0,,,0.0,,,0.0,,,1.0,total effectiverate,[12],0.0,,,0.0,,,0.0,,,0.0,,,0.0,,,0.0,,,0.0,,,0.0,,,0.0,,,0.0
37303,15223738,1,The primary objective was to determine the effect of an aquatic exercise programme on the physical fitness of people with a brain injury .,24,1.0,0.0,,,0.0,,,1.0,1.0,brain injury,[124],1.0,1.0,physical fitness,[90],0.0,,,0.0,,,0.0,,,0.0,,,0.0,,,1.0,aquatic exercise programme,[56],0.0,,,0.0,,,0.0,,,0.0,,,0.0,,,0.0,,,0.0,,,0.0
37700,2474057,8,"Toxicity was mainly neutropenia and infection during the ACVB courses , with 40 patients ( 5 % ) dying from septic complications while responding to treatment .",27,0.0,0.0,,,0.0,,,0.0,0.0,,,1.0,0.0,,,0.0,,,1.0,Toxicity; neutropenia; infection,"[0, 20, 36]",0.0,,,0.0,,,0.0,,,0.0,,,0.0,,,0.0,,,0.0,,,0.0,,,0.0,,,1.0,dying from septic complications,[97],0.0,,,0.0
37924,25622776,2,This study examined whether pre-treatment drug reinforcement value predicted opioid use during outpatient treatment of prescription opioid addiction .,19,0.0,0.0,,,0.0,,,0.0,0.0,,,1.0,0.0,,,0.0,,,0.0,,,1.0,opioid use,[77],0.0,,,0.0,,,0.0,,,0.0,,,0.0,,,0.0,,,0.0,,,0.0,,,0.0,,,0.0,,,0.0
38018,8838389,1,The purpose of the present study was to investigate the effect of practice on the lateralization of mental rotation skills .,21,1.0,0.0,,,0.0,,,0.0,0.0,,,0.0,0.0,,,0.0,,,0.0,,,0.0,,,0.0,,,0.0,,,0.0,,,0.0,,,0.0,,,0.0,,,0.0,,,0.0,,,0.0,,,1.0,practice on the lateralization of mental rotation skills,[66],0.0
38079,8881340,7,"These results suggest that a choice assessment can be used to predict the relative reinforcing value of various stimuli , which , in turn , may help to improve programs for clients with severe to profound disabilities .",38,1.0,0.0,,,0.0,,,0.0,0.0,,,1.0,1.0,stimuli,[112],0.0,,,0.0,,,0.0,,,0.0,,,0.0,,,1.0,choice assessment,[29],0.0,,,0.0,,,0.0,,,0.0,,,0.0,,,0.0,,,0.0,,,0.0
38561,7072873,4,Respondents assigned memory aids were also more likely to report a doctor contact -- especially during the fall/winter months .,20,1.0,0.0,,,0.0,,,0.0,0.0,,,0.0,0.0,,,0.0,,,0.0,,,0.0,,,0.0,,,0.0,,,0.0,,,1.0,memory aids,[21],0.0,,,0.0,,,0.0,,,0.0,,,0.0,,,0.0,,,0.0
38666,7955250,3,Rest and exercise nuclear ventriculograms were performed early ( 3 months ) and late ( 5 years ) after surgery .,21,1.0,0.0,,,1.0,Rest and exercise nuclear ventriculograms,[0],0.0,0.0,,,0.0,0.0,,,0.0,,,0.0,,,0.0,,,0.0,,,0.0,,,0.0,,,0.0,,,0.0,,,0.0,,,0.0,,,0.0,,,0.0,,,0.0,,,0.0
38753,23285026,4,"Two separate research laboratories undertook independent randomized repeated measures experiments , both designed to detect an effect of the rubber hand illusion on experimentally induced hand pain .",28,1.0,0.0,,,0.0,,,0.0,0.0,,,1.0,0.0,,,1.0,hand pain .,[188],0.0,,,0.0,,,0.0,,,0.0,,,1.0,rubber hand illusion,[141],0.0,,,0.0,,,0.0,,,0.0,,,0.0,,,0.0,,,0.0,,,0.0
39237,9084194,7,"Pain decreased more rapidly in the experimental group , and a statistically significant difference ( p < 0.05 ) in the pain intensity was found from the second to the seventh day after application of doxymycine .",37,1.0,0.0,,,0.0,,,0.0,0.0,,,1.0,0.0,,,1.0,Pain; pain intensity,"[0, 119]",0.0,,,0.0,,,0.0,,,0.0,,,0.0,,,0.0,,,0.0,,,1.0,doxymycine,[200],0.0,,,0.0,,,0.0,,,0.0,,,0.0
39290,2218657,1,"In this randomized , blinded , multicenter comparison study , 377 infants and children with acute otitis media ( AOM ) received a 10-day course of an oral suspension of one of the following : cefuroxime axetil ( CAE ) , 30 mg/kg/day ; cefaclor ( CEC ) , 40 mg/kg/day ; or amoxicillin-clavulanate potassium ( AMX-CL ) , 40 mg/kg/day .",62,1.0,0.0,,,0.0,,,1.0,1.0,acute otitis media ( AOM ),[92],0.0,0.0,,,0.0,,,0.0,,,0.0,,,0.0,,,1.0,infants and children,[66],0.0,,,0.0,,,1.0,377,[62],1.0,cefuroxime axetil ( CAE ); cefaclor ( CEC ); amoxicillin-clavulanate potassium ( AMX-CL ),"[192, 235, 272]",0.0,,,0.0,,,0.0,,,0.0,,,0.0
39305,21106341,8,"Nineteen eligible patients were missed because of lack of time ( 9 [ 22 % ] ) , paramedic discretion ( 3 [ 7 % ] ) , the paramedic forgot ( 6 [ 15 % ] ) , and the paramedic refused ( 1 [ 2 % ] ) .",51,0.0,0.0,,,0.0,,,0.0,0.0,,,0.0,0.0,,,0.0,,,0.0,,,0.0,,,0.0,,,0.0,,,0.0,,,0.0,,,0.0,,,0.0,,,0.0,,,0.0,,,0.0,,,0.0,,,1.0
39390,20936417,11,CONCLUSIONS Vitamin E did not appear to reduce the incidence of sensory neuropathy in the studied group of patients receiving neurotoxic chemotherapy .,23,0.0,0.0,,,0.0,,,0.0,0.0,,,0.0,0.0,,,0.0,,,0.0,,,0.0,,,0.0,,,0.0,,,0.0,,,0.0,,,0.0,,,0.0,,,0.0,,,0.0,,,0.0,,,0.0,,,1.0
39665,23484763,6,Subject-reported adverse events ( AEs ) were also recorded for safety .,12,0.0,0.0,,,0.0,,,0.0,0.0,,,1.0,0.0,,,0.0,,,1.0,Subject-reported adverse events ( AEs ),[0],0.0,,,0.0,,,0.0,,,0.0,,,0.0,,,0.0,,,0.0,,,0.0,,,0.0,,,0.0,,,0.0,,,0.0
40424,23727103,8,Pain was reduced from a median of 6 to 4 and finally to 3 in both groups .,18,0.0,0.0,,,0.0,,,0.0,0.0,,,1.0,0.0,,,1.0,Pain,[0],0.0,,,0.0,,,0.0,,,0.0,,,0.0,,,0.0,,,0.0,,,0.0,,,0.0,,,0.0,,,0.0,,,0.0,,,0.0
40452,9706929,7,"In a subgroup of patients , the incidence of side effects ( 8 % ) was greatly reduced by the intraoperative application of both sedatives and opioids .",28,0.0,0.0,,,0.0,,,0.0,0.0,,,1.0,0.0,,,0.0,,,1.0,incidence of side effects,[32],0.0,,,0.0,,,0.0,,,0.0,,,0.0,,,0.0,,,0.0,,,0.0,,,0.0,,,0.0,,,0.0,,,0.0
40505,11331049,4,"Of those seen by telemedicine , 61 % were registered with an urban practice , compared with 71 % of those seen conventionally .",24,1.0,0.0,,,0.0,,,0.0,0.0,,,0.0,0.0,,,0.0,,,0.0,,,0.0,,,0.0,,,0.0,,,1.0,conventionally,[111],1.0,telemedicine,[17],0.0,,,0.0,,,0.0,,,0.0,,,0.0,,,0.0,,,0.0
40923,21238531,8,In the control group no treatment was performed .,9,1.0,0.0,,,0.0,,,0.0,0.0,,,0.0,0.0,,,0.0,,,0.0,,,0.0,,,0.0,,,0.0,,,0.0,,,0.0,,,0.0,,,0.0,,,0.0,,,1.0,no treatment,[21],0.0,,,0.0,,,0.0
41265,12743142,8,Patients treated with NCHT experienced a 4-year PFS of 52 % versus 49 % for AHT ( P =.56 ) .,21,1.0,0.0,,,0.0,,,0.0,0.0,,,1.0,0.0,,,0.0,,,0.0,,,0.0,,,0.0,,,0.0,,,0.0,,,0.0,,,0.0,,,0.0,,,0.0,,,0.0,,,1.0,4-year PFS,[41],1.0,NCHT; AHT,"[22, 76]",0.0
41373,21042763,1,The value of early tumour marker changes during palliative chemotherapy in patients with upper gastrointestinal adenocarcinoma ( UGIA ) is unclear .,22,0.0,0.0,,,0.0,,,1.0,1.0,patients with upper gastrointestinal adenocarcinoma ( UGIA ),[75],0.0,0.0,,,0.0,,,0.0,,,0.0,,,0.0,,,0.0,,,0.0,,,0.0,,,0.0,,,0.0,,,0.0,,,0.0,,,0.0,,,0.0,,,0.0
42080,23535873,2,METHODS Twenty well-trained rowers ( age 23 ± 4 y ; height 1.85 ± 0.08 m ; body mass 82.5 ± 8.9 kg ) were assigned to either a placebo or beta-alanine ( 6.4 g · d ( -1 ) for 4 weeks ) group .,46,0.0,0.0,,,0.0,,,0.0,0.0,,,0.0,0.0,,,0.0,,,0.0,,,0.0,,,0.0,,,0.0,,,0.0,,,0.0,,,0.0,,,0.0,,,0.0,,,0.0,,,0.0,,,0.0,,,1.0
42130,8978338,2,The aim of this study was to determine the miss rate of colonoscopy by same day back-to-back colonoscopy .,19,1.0,1.0,colonoscopy,[56],0.0,,,0.0,0.0,,,0.0,0.0,,,0.0,,,0.0,,,0.0,,,0.0,,,0.0,,,0.0,,,0.0,,,0.0,,,0.0,,,0.0,,,0.0,,,0.0,,,0.0,,,0.0
42678,15167457,2,OBJECTIVE We examined the ambulatory blood pressure ( ABP ) response to a diuretic and an ACE inhibitor in hypertensive patients of East African descent and evaluated the individual characteristics that determined treatment efficacy .,35,1.0,0.0,,,0.0,,,0.0,0.0,,,1.0,1.0,ambulatory blood pressure ( ABP ) response; characteristics,"[26, 182]",0.0,,,0.0,,,0.0,,,1.0,treatment efficacy,[214],0.0,,,0.0,,,0.0,,,0.0,,,1.0,diuretic; ACE inhibitor,"[74, 90]",0.0,,,0.0,,,0.0,,,0.0,,,0.0
43269,23886027,2,METHOD Forty children and adolescents met diagnostic criteria for ASD according to DSM-IV .,14,0.0,0.0,,,0.0,,,1.0,1.0,ASD,[66],0.0,0.0,,,0.0,,,0.0,,,0.0,,,0.0,,,1.0,Forty children and adolescents,[7],0.0,,,0.0,,,0.0,,,0.0,,,0.0,,,0.0,,,0.0,,,0.0,,,0.0
43424,1715416,5,"A group patients were given either PVB , VAB-6 or BVP according to the physician 's discretion .",18,0.0,0.0,,,0.0,,,0.0,0.0,,,0.0,0.0,,,0.0,,,0.0,,,0.0,,,0.0,,,0.0,,,0.0,,,0.0,,,0.0,,,0.0,,,0.0,,,0.0,,,0.0,,,0.0,,,1.0
43770,16076379,5,"Of the 86 patients , 62 finished the study without a change of dosage and their data were analyzed ( group A , N=16 ; group B , N=26 ; group C , N=20 ) .",36,0.0,0.0,,,0.0,,,1.0,0.0,,,0.0,0.0,,,0.0,,,0.0,,,0.0,,,0.0,,,0.0,,,0.0,,,0.0,,,1.0,62; N=16; N=26; N=20,"[21, 111, 128, 145]",0.0,,,0.0,,,0.0,,,0.0,,,0.0,,,0.0
43960,26158622,5,"The geometric mean titer ( GMT ) , seroconversion rate ( levels of anti-HBs ≥ 10 mIU/mL ) and high response rate ( levels of anti-HBs ≥ 100 mIU/mL ) were assayed .",33,0.0,0.0,,,0.0,,,0.0,0.0,,,1.0,1.0,"The geometric mean titer ( GMT ) , seroconversion rate ( levels of anti-HBs ≥ 10 mIU/mL ) and high response rate ( levels of anti-HBs ≥ 100 mIU/mL )",[0],0.0,,,0.0,,,0.0,,,0.0,,,0.0,,,0.0,,,0.0,,,0.0,,,0.0,,,0.0,,,0.0,,,0.0,,,0.0,,,0.0
44184,10554799,13,Itraconazole solution and fluconazole provide effective prophylaxis against Candida but itraconazole affords greater protection against fatal aspergillosis .,18,1.0,0.0,,,0.0,,,0.0,0.0,,,1.0,0.0,,,0.0,,,0.0,,,0.0,,,0.0,,,0.0,,,0.0,,,0.0,,,0.0,,,1.0,Itraconazole; fluconazole,"[0, 26]",0.0,,,0.0,,,1.0,aspergillosis .,[142],0.0,,,0.0
44652,16377918,8,The triglyceride and high-density lipoprotein cholesterol levels were similar in both therapies .,13,0.0,0.0,,,0.0,,,0.0,0.0,,,1.0,1.0,triglyceride; high-density lipoprotein cholesterol levels,"[4, 21]",0.0,,,0.0,,,1.0,and,[17],0.0,,,0.0,,,0.0,,,0.0,,,0.0,,,0.0,,,0.0,,,0.0,,,0.0,,,0.0,,,0.0
44733,10575594,1,Thirty postmenopausal women with reduced bone mineral density were divided randomly into two groups based on the chronological sequence of their first visit to the Osteoporosis Clinic of Katsuragi Hospital .,31,0.0,0.0,,,0.0,,,1.0,1.0,postmenopausal; reduced bone mineral density; Osteoporosis,"[7, 33, 164]",0.0,0.0,,,0.0,,,0.0,,,0.0,,,0.0,,,0.0,,,0.0,,,0.0,,,1.0,Thirty,[0],0.0,,,1.0,women,[22],0.0,,,0.0,,,0.0,,,0.0
45398,17097398,4,The primary efficacy end point was clinical response at follow-up .,11,0.0,0.0,,,0.0,,,0.0,0.0,,,1.0,1.0,clinical response,[35],0.0,,,0.0,,,0.0,,,0.0,,,0.0,,,0.0,,,0.0,,,0.0,,,0.0,,,0.0,,,0.0,,,0.0,,,0.0,,,0.0
45995,11395821,7,"In LA , there was no difference in operating time between the normal and overweight patients .",17,1.0,1.0,LA,[3],0.0,,,0.0,0.0,,,1.0,0.0,,,0.0,,,0.0,,,0.0,,,1.0,operating time,[35],0.0,,,0.0,,,0.0,,,0.0,,,0.0,,,0.0,,,0.0,,,0.0,,,0.0,,,0.0
46819,12271298,8,Resurfacing after laser-assisted topical anesthesia was well tolerated by 72 % of subjects in pass 1 and 58 % in pass 2 .,23,0.0,0.0,,,0.0,,,0.0,0.0,,,1.0,0.0,,,0.0,,,0.0,,,0.0,,,1.0,tolerated,[61],0.0,,,0.0,,,0.0,,,0.0,,,0.0,,,0.0,,,0.0,,,0.0,,,0.0,,,0.0
46824,15312096,3,"METHODS Eighteen subjects , six males and 12 females , mean age : 32.2 years , were evaluated .",19,0.0,0.0,,,0.0,,,1.0,0.0,,,0.0,0.0,,,0.0,,,0.0,,,0.0,,,0.0,,,1.0,mean age : 32.2 years,[55],0.0,,,0.0,,,1.0,Eighteen; six; 12,"[8, 28, 42]",0.0,,,1.0,males; females,"[32, 45]",0.0,,,0.0,,,0.0,,,0.0
48499,17387192,0,Oral sildenafil to control pulmonary hypertension after congenital heart surgery .,11,1.0,0.0,,,0.0,,,1.0,1.0,after congenital heart surgery .,[50],1.0,1.0,pulmonary hypertension,[27],0.0,,,0.0,,,0.0,,,0.0,,,0.0,,,0.0,,,0.0,,,0.0,,,1.0,Oral sildenafil,[0],0.0,,,0.0,,,0.0,,,0.0,,,0.0
48606,9720660,8,The results were not the same for anti-B/Harbin antibodies-repeated vaccination caused a non-significant increase in HI titer in previously vaccinated subjects .,22,0.0,0.0,,,0.0,,,0.0,0.0,,,0.0,0.0,,,0.0,,,0.0,,,0.0,,,0.0,,,0.0,,,0.0,,,0.0,,,0.0,,,0.0,,,0.0,,,0.0,,,0.0,,,0.0,,,1.0
48766,21753062,9,"The urine concentration of 8-iso-PGF ( 2α ) [ geometric mean ( 95 % CI ) ] was greater after the iTFA [ 0.54 ( 0.48 , 0.60 ) nmol/mmol creatinine ] and the CLA [ 1.2 ( 1.1 , 1.3 ) nmol/mmol creatinine ] diet periods than after the control period [ 0.45 ( 0.41 , 0.50 ) nmol/mmol creatinine ; P < 0.05 ] .",67,0.0,0.0,,,0.0,,,0.0,0.0,,,0.0,0.0,,,0.0,,,0.0,,,0.0,,,0.0,,,0.0,,,0.0,,,0.0,,,0.0,,,0.0,,,0.0,,,0.0,,,0.0,,,0.0,,,1.0
48989,15473502,7,"For patients reporting 'a little ' change in global QOL on the SSQ , absolute mean QLQ-C30 change scores ranged between 0 to 15 points with 12/16 mean change scores between 2.5 and 8.5 points .",36,1.0,0.0,,,0.0,,,0.0,0.0,,,1.0,0.0,,,0.0,,,0.0,,,1.0,global QOL,[45],0.0,,,0.0,,,1.0,SSQ,[63],0.0,,,0.0,,,0.0,,,0.0,,,0.0,,,0.0,,,0.0,,,0.0
49196,23274597,1,PURPOSE This study examined the influence of preexercise food intake on plasma pseudoephedrine ( PSE ) concentrations and subsequent high-intensity exercise .,22,0.0,0.0,,,0.0,,,0.0,0.0,,,1.0,1.0,plasma pseudoephedrine ( PSE ) concentrations; subsequent; .,"[72, 122, 157]",0.0,,,0.0,,,1.0,high-intensity exercise,[133],0.0,,,0.0,,,0.0,,,0.0,,,0.0,,,0.0,,,0.0,,,0.0,,,0.0,,,0.0,,,0.0
49221,24530652,6,"Thus , a single dose testosterone administration reduces automatic avoidance of social threat and promotes relative increase of threat approach tendencies in healthy females .",25,1.0,0.0,,,0.0,,,1.0,0.0,,,1.0,0.0,,,0.0,,,0.0,,,1.0,automatic avoidance of social threat and promotes relative increase of threat approach tendencies,[57],0.0,,,0.0,,,0.0,,,0.0,,,0.0,,,1.0,testosterone,[21],1.0,females,[166],0.0,,,0.0,,,0.0,,,0.0
49512,25871593,6,RESULTS We successfully recruited and retained participants .,8,0.0,0.0,,,0.0,,,0.0,0.0,,,0.0,0.0,,,0.0,,,0.0,,,0.0,,,0.0,,,0.0,,,0.0,,,0.0,,,0.0,,,0.0,,,0.0,,,0.0,,,0.0,,,0.0,,,1.0
